,Country (or dependent territory),1970,1971,1972,1973,1974,1975,1976,1977,1978,1979,1980,1981,1982,1983,1984,1985,1986,1987,1988,1989,1990,1991,1992,1993,1994,1995,1996,1997,1998,1999,2000,2001,2002,2003,2004,2005,2006,2007,2008,2009,2010,2011,2012,2013,2014,2015
0,Afghanistan,157.0,160.0,136.0,144.0,175.0,188.0,199.0,226.0,250.0,278.0,276.0,268.0,271.0,277.0,282.0,286.0,290.0,255.0,234.0,288.0,300.0,261.0,253.0,180.0,133.0,193.0,179.0,167.0,157.0,143.0,179.0,176.0,199.0,219.0,238.0,271.0,298.0,401.0,406.0,462.0,575.0,665.0,718.0,704.0,668.0,627.0
1,Albania,1053.0,1058.0,1064.0,1070.0,1076.0,1082.0,1090.0,1096.0,1105.0,903.0,799.0,810.0,818.0,811.0,784.0,783.0,788.0,762.0,770.0,904.0,654.0,488.0,468.0,533.0,599.0,770.0,1035.0,719.0,823.0,1034.0,1117.0,1257.0,1395.0,1784.0,2312.0,2612.0,2916.0,3546.0,4340.0,4111.0,4110.0,4467.0,4277.0,4433.0,4595.0,3984.0
2,Algeria,354.0,359.0,467.0,584.0,816.0,931.0,1033.0,1187.0,1448.0,1770.0,2185.0,2219.0,2192.0,2294.0,2413.0,2564.0,2707.0,2690.0,2385.0,2191.0,2383.0,1754.0,1807.0,1830.0,1493.0,1452.0,1592.0,1608.0,1585.0,1577.0,1753.0,1743.0,1776.0,2095.0,2600.0,3102.0,3468.0,3940.0,4912.0,3876.0,4473.0,5447.0,5584.0,5494.0,5496.0,4154.0
3,Andorra,4097.0,4426.0,5336.0,6761.0,7998.0,9070.0,9049.0,9808.0,11549.0,14956.0,15662.0,13124.0,12161.0,10152.0,9780.0,9838.0,13112.0,15962.0,18101.0,19191.0,23885.0,24713.0,25992.0,20889.0,20532.0,23358.0,24090.0,23289.0,24003.0,24451.0,21933.0,22088.0,24395.0,32074.0,37476.0,40084.0,42497.0,47324.0,46808.0,42824.0,39748.0,41813.0,39899.0,43237.0,46034.0,39896.0
4,Angola,604.0,623.0,623.0,743.0,813.0,584.0,545.0,579.0,628.0,677.0,871.0,787.0,759.0,765.0,782.0,936.0,854.0,959.0,1008.0,1143.0,1229.0,1411.0,1569.0,1100.0,1096.0,509.0,650.0,741.0,607.0,563.0,811.0,768.0,949.0,1067.0,1362.0,2064.0,2825.0,3402.0,4462.0,3565.0,3929.0,5054.0,5529.0,6087.0,6046.0,4740.0
5,Anguilla,610.0,711.0,833.0,935.0,1023.0,1112.0,1060.0,1179.0,1356.0,1564.0,1810.0,2103.0,2451.0,2850.0,3301.0,4040.0,5094.0,6076.0,7226.0,8552.0,9071.0,8966.0,9405.0,9940.0,10772.0,10578.0,10886.0,11904.0,13147.0,13643.0,13545.0,13624.0,13465.0,14121.0,16300.0,18130.0,22031.0,27028.0,26511.0,20817.0,19469.0,21192.0,20063.0,19910.0,21561.0,21824.0
6,Antigua and Barbuda,518.0,620.0,839.0,1153.0,1217.0,1233.0,1017.0,1151.0,1298.0,1597.0,1912.0,2181.0,2444.0,2756.0,3170.0,3723.0,4496.0,5311.0,6374.0,7081.0,7422.0,7718.0,7871.0,8250.0,8857.0,8446.0,9022.0,9423.0,9809.0,10076.0,10630.0,10079.0,10118.0,10509.0,11181.0,12293.0,13766.0,15432.0,15931.0,14110.0,13159.0,12953.0,13653.0,13290.0,14019.0,14764.0
7,Argentina,1418.0,1668.0,1530.0,1645.0,1858.0,1985.0,2061.0,2294.0,2341.0,2672.0,2912.0,2965.0,3002.0,3198.0,3325.0,3144.0,3718.0,3764.0,4325.0,2574.0,4680.0,6194.0,7367.0,7522.0,8081.0,7993.0,8330.0,8861.0,8944.0,8388.0,8315.0,7775.0,2919.0,3666.0,4285.0,5145.0,5951.0,7282.0,9094.0,8282.0,10402.0,12800.0,13887.0,14474.0,13279.0,14565.0
8,Armenia,,,,,,,,,,,,,,,,,,,,,650.0,599.0,363.0,347.0,383.0,426.0,537.0,557.0,648.0,636.0,663.0,738.0,832.0,986.0,1260.0,1733.0,2268.0,3286.0,4180.0,3109.0,3332.0,3644.0,3566.0,3717.0,3862.0,3489.0
9,Aruba,2990.0,3130.0,3274.0,3427.0,3592.0,3776.0,3981.0,4209.0,4452.0,4700.0,4941.0,5163.0,5370.0,5578.0,5817.0,6107.0,6473.0,7886.0,9765.0,11392.0,12308.0,13496.0,14047.0,14938.0,17342.0,16441.0,16586.0,17927.0,19082.0,19356.0,20620.0,20672.0,20434.0,20835.0,22567.0,23303.0,24046.0,25836.0,27089.0,24640.0,23529.0,25013.0,24754.0,25083.0,25616.0,26005.0
10,Australia,3496.0,3829.0,4435.0,6318.0,7435.0,7835.0,8346.0,8178.0,9438.0,10331.0,11770.0,13537.0,12696.0,12546.0,13258.0,11506.0,11903.0,13907.0,17325.0,18964.0,18940.0,19015.0,18591.0,17888.0,20205.0,21634.0,23777.0,23600.0,20826.0,22547.0,21398.0,20181.0,22293.0,28305.0,33925.0,37574.0,39706.0,46990.0,49395.0,46457.0,58350.0,68228.0,68890.0,65738.0,61437.0,51352.0
11,Austria,2042.0,2362.0,2906.0,3875.0,4608.0,5239.0,5616.0,6743.0,8127.0,9698.0,10775.0,9334.0,9369.0,9479.0,8932.0,9107.0,12982.0,16249.0,17404.0,17313.0,21549.0,22356.0,24906.0,24117.0,25606.0,30162.0,29590.0,26489.0,27131.0,26979.0,24398.0,24379.0,26246.0,31968.0,36585.0,38208.0,40425.0,46552.0,51327.0,47549.0,46498.0,50933.0,48188.0,50460.0,51471.0,44118.0
12,Azerbaijan,,,,,,,,,,,,,,,,,,,,,905.0,914.0,712.0,552.0,446.0,396.0,405.0,500.0,557.0,569.0,650.0,696.0,753.0,869.0,1025.0,1547.0,2422.0,3771.0,5508.0,4932.0,5814.0,7147.0,7443.0,7808.0,7813.0,5439.0
13,Bahamas,3356.0,3480.0,3506.0,3901.0,4087.0,4723.0,5036.0,5894.0,6628.0,7666.0,7504.0,8417.0,8291.0,7959.0,8445.0,9614.0,10586.0,11550.0,12667.0,14214.0,14436.0,13927.0,13656.0,13328.0,13806.0,14309.0,16034.0,17127.0,18998.0,20506.0,21241.0,21497.0,22505.0,22008.0,21996.0,23406.0,23721.0,24306.0,23657.0,22043.0,21921.0,21515.0,22555.0,22554.0,22497.0,22817.0
14,Bahrain,1980.0,2061.0,2507.0,3420.0,4455.0,4442.0,6005.0,7070.0,7569.0,8517.0,10459.0,11358.0,11575.0,11545.0,11753.0,10669.0,8629.0,8464.0,8970.0,9308.0,9899.0,10198.0,10392.0,11101.0,11673.0,12039.0,12174.0,12237.0,11322.0,11831.0,13591.0,12917.0,13226.0,14542.0,16275.0,18418.0,19669.0,21168.0,23043.0,19167.0,20386.0,22034.0,23058.0,24114.0,24515.0,22600.0
15,Bangladesh,95.0,84.0,92.0,99.0,116.0,119.0,130.0,133.0,166.0,186.0,206.0,203.0,180.0,179.0,204.0,206.0,212.0,234.0,246.0,261.0,265.0,277.0,277.0,279.0,291.0,320.0,329.0,333.0,338.0,348.0,346.0,340.0,346.0,373.0,397.0,403.0,483.0,545.0,618.0,681.0,755.0,805.0,830.0,977.0,1088.0,1208.0
16,Barbados,904.0,1011.0,1150.0,1394.0,1656.0,1935.0,2088.0,2362.0,2631.0,3175.0,4058.0,4451.0,4637.0,4910.0,5337.0,5569.0,6096.0,6690.0,7090.0,7813.0,7815.0,7725.0,7441.0,7821.0,8194.0,8585.0,9120.0,9604.0,10788.0,11264.0,11568.0,11514.0,11675.0,12028.0,12869.0,14223.0,15646.0,16462.0,16570.0,16523.0,15906.0,15534.0,15385.0,15473.0,15360.0,15429.0
17,Belarus,,,,,,,,,,,,,,,,,,,,,1845.0,1878.0,1737.0,1647.0,1489.0,1364.0,1432.0,1397.0,1514.0,1213.0,1047.0,1249.0,1485.0,1827.0,2387.0,3134.0,3853.0,4738.0,6377.0,5177.0,5818.0,6296.0,6703.0,7697.0,8011.0,5751.0
18,Belgium,2778.0,3093.0,3850.0,4931.0,5777.0,6759.0,7305.0,8492.0,10360.0,11881.0,12938.0,10672.0,9378.0,8873.0,8477.0,8766.0,12183.0,15146.0,16429.0,16589.0,20688.0,21140.0,23487.0,22386.0,24304.0,28496.0,27624.0,24977.0,25507.0,25416.0,23169.0,23066.0,24977.0,30595.0,35349.0,36676.0,38543.0,44073.0,48116.0,44638.0,44241.0,47887.0,44937.0,46632.0,47367.0,40278.0
19,Belize,206.0,256.0,327.0,523.0,686.0,784.0,609.0,772.0,870.0,999.0,1351.0,1307.0,1183.0,1213.0,1315.0,1269.0,1344.0,1586.0,1759.0,1979.0,2162.0,2264.0,2408.0,2684.0,2738.0,2834.0,3001.0,2953.0,2991.0,3064.0,3364.0,3419.0,3557.0,3680.0,3832.0,3933.0,4187.0,4325.0,4470.0,4259.0,4344.0,4517.0,4674.0,4719.0,4884.0,4906.0
20,Benin,111.0,115.0,138.0,166.0,174.0,207.0,215.0,229.0,271.0,321.0,399.0,367.0,348.0,293.0,273.0,263.0,327.0,371.0,373.0,336.0,398.0,390.0,425.0,414.0,281.0,392.0,413.0,385.0,405.0,399.0,370.0,374.0,412.0,509.0,571.0,587.0,609.0,686.0,795.0,768.0,733.0,799.0,808.0,883.0,903.0,779.0
21,Bermuda,5079.0,5692.0,6280.0,7116.0,8174.0,8942.0,9932.0,10701.0,11495.0,13275.0,15835.0,17204.0,19066.0,21094.0,22058.0,24239.0,26731.0,29060.0,30839.0,32481.0,33398.0,34483.0,34861.0,36918.0,38194.0,40782.0,43087.0,46362.0,49290.0,52141.0,54349.0,57221.0,60935.0,64532.0,68934.0,74753.0,82507.0,90881.0,95607.0,92354.0,91555.0,88401.0,88389.0,89843.0,90600.0,94400.0
22,Bhutan,212.0,220.0,224.0,243.0,276.0,249.0,244.0,261.0,243.0,263.0,312.0,341.0,350.0,384.0,368.0,367.0,421.0,490.0,512.0,480.0,511.0,436.0,444.0,426.0,508.0,568.0,597.0,684.0,675.0,733.0,778.0,820.0,897.0,1009.0,1108.0,1258.0,1346.0,1755.0,1811.0,1787.0,2201.0,2486.0,2452.0,2383.0,2561.0,2677.0
23,Bolivia,224.0,238.0,272.0,260.0,428.0,479.0,537.0,528.0,565.0,599.0,630.0,680.0,676.0,657.0,663.0,664.0,647.0,667.0,697.0,701.0,710.0,764.0,791.0,788.0,806.0,887.0,958.0,1007.0,1059.0,1013.0,1007.0,958.0,914.0,917.0,978.0,1046.0,1234.0,1390.0,1737.0,1777.0,1981.0,2378.0,2645.0,2948.0,3124.0,3077.0
24,Bosnia and Herzegovina,,,,,,,,,,,,,,,,,,,,,1713.0,1378.0,1101.0,877.0,706.0,524.0,742.0,1027.0,1149.0,1270.0,1501.0,1565.0,1811.0,2283.0,2722.0,2928.0,3352.0,4108.0,4975.0,4586.0,4475.0,4861.0,4495.0,4748.0,4844.0,4191.0
25,Botswana,96.0,123.0,155.0,221.0,297.0,333.0,348.0,431.0,494.0,620.0,856.0,943.0,798.0,837.0,847.0,708.0,916.0,1223.0,1375.0,2254.0,2697.0,2723.0,2786.0,2721.0,2767.0,3001.0,3008.0,3050.0,2855.0,3210.0,3333.0,3115.0,3044.0,4149.0,4879.0,5328.0,5342.0,5667.0,5562.0,5177.0,6246.0,7426.0,6886.0,6800.0,7150.0,6361.0
26,Brazil,367.0,400.0,502.0,694.0,868.0,996.0,1150.0,1307.0,1449.0,1559.0,1564.0,1803.0,1865.0,1301.0,1310.0,1370.0,1613.0,1735.0,1902.0,2540.0,2706.0,2476.0,2334.0,2579.0,3622.0,4781.0,5140.0,5250.0,5007.0,3431.0,3711.0,3143.0,2828.0,3044.0,3596.0,4731.0,5808.0,7247.0,8707.0,8475.0,11121.0,13039.0,12158.0,12072.0,11729.0,8528.0
27,British Virgin Islands,2023.0,1717.0,1765.0,1971.0,2330.0,2537.0,2747.0,2827.0,3263.0,4023.0,4923.0,5234.0,5951.0,6444.0,6780.0,6754.0,7021.0,7993.0,8591.0,9826.0,8894.0,8099.0,10151.0,13342.0,17001.0,21547.0,23840.0,27089.0,30467.0,33340.0,36380.0,38412.0,36507.0,32364.0,33100.0,37550.0,39401.0,40873.0,38744.0,33119.0,32840.0,32824.0,31895.0,31509.0,30501.0,30144.0
28,Brunei,1734.0,1828.0,2398.0,3674.0,8734.0,9125.0,10684.0,12520.0,13521.0,18853.0,32066.0,27539.0,26118.0,22893.0,21904.0,19841.0,11762.0,13136.0,12150.0,13247.0,15181.0,15513.0,17048.0,16264.0,15757.0,17780.0,18741.0,18590.0,14162.0,15739.0,20117.0,18412.0,18856.0,20786.0,24523.0,29184.0,34524.0,36241.0,41884.0,30723.0,34851.0,46377.0,46974.0,43971.0,41022.0,30553.0
29,Bulgaria,1059.0,1041.0,1211.0,1435.0,1553.0,1364.0,1441.0,1469.0,1586.0,1064.0,1223.0,1399.0,1516.0,1626.0,1737.0,1840.0,1957.0,2131.0,2454.0,2477.0,2350.0,961.0,1095.0,1395.0,1265.0,1727.0,1222.0,1365.0,1799.0,1674.0,1643.0,1782.0,2079.0,2700.0,3370.0,3882.0,4499.0,5915.0,7276.0,6941.0,6742.0,7743.0,7335.0,7670.0,7876.0,6847.0
30,Burkina Faso,80.0,80.0,101.0,114.0,124.0,145.0,136.0,161.0,203.0,267.0,283.0,256.0,230.0,205.0,178.0,203.0,259.0,294.0,316.0,308.0,356.0,350.0,365.0,338.0,195.0,238.0,252.0,232.0,258.0,267.0,227.0,237.0,261.0,332.0,371.0,407.0,420.0,475.0,569.0,552.0,574.0,666.0,673.0,699.0,716.0,611.0
31,Burundi,71.0,72.0,69.0,85.0,95.0,113.0,122.0,142.0,156.0,197.0,230.0,234.0,239.0,246.0,217.0,245.0,249.0,227.0,206.0,207.0,204.0,202.0,184.0,162.0,174.0,160.0,137.0,152.0,137.0,122.0,105.0,95.0,88.0,80.0,89.0,141.0,155.0,159.0,183.0,194.0,215.0,228.0,230.0,234.0,259.0,245.0
32,Cambodia,110.0,107.0,103.0,87.0,88.0,95.0,102.0,95.0,106.0,102.0,107.0,116.0,120.0,125.0,131.0,137.0,140.0,170.0,199.0,200.0,188.0,241.0,248.0,243.0,258.0,309.0,318.0,304.0,269.0,294.0,301.0,321.0,338.0,362.0,407.0,472.0,538.0,629.0,743.0,735.0,783.0,879.0,948.0,1013.0,1090.0,1159.0
33,Cameroon,171.0,187.0,234.0,310.0,322.0,412.0,436.0,496.0,635.0,820.0,993.0,905.0,881.0,892.0,852.0,813.0,964.0,1019.0,967.0,864.0,981.0,916.0,907.0,931.0,525.0,640.0,667.0,620.0,650.0,646.0,583.0,589.0,648.0,791.0,893.0,915.0,965.0,1071.0,1192.0,1165.0,1147.0,1259.0,1222.0,1331.0,1407.0,1217.0
34,Canada,4100.0,4556.0,5107.0,5840.0,7028.0,7512.0,8813.0,8920.0,9112.0,10020.0,11170.0,12363.0,12531.0,13475.0,13911.0,14112.0,14416.0,16250.0,18847.0,20701.0,21471.0,21786.0,20892.0,20124.0,19938.0,20615.0,21242.0,21854.0,20960.0,22224.0,24177.0,23761.0,24224.0,28244.0,32056.0,36253.0,40337.0,44417.0,46431.0,40631.0,47279.0,51845.0,52320.0,52302.0,50379.0,43206.0
35,Cape Verde,270.0,301.0,340.0,420.0,422.0,491.0,457.0,426.0,485.0,514.0,566.0,546.0,540.0,521.0,487.0,499.0,680.0,829.0,918.0,912.0,1027.0,1045.0,1137.0,1116.0,1228.0,1434.0,1437.0,1369.0,1424.0,1580.0,1398.0,1431.0,1551.0,2001.0,2241.0,2331.0,2634.0,3146.0,3698.0,3517.0,3394.0,3766.0,3498.0,3649.0,3661.0,3080.0
36,Cayman Islands,2578.0,3080.0,3872.0,4749.0,5203.0,5830.0,6537.0,7337.0,8261.0,9355.0,10666.0,12246.0,14136.0,19095.0,20739.0,21542.0,22566.0,25033.0,28950.0,31421.0,37182.0,37040.0,37559.0,38588.0,39938.0,40930.0,41941.0,43033.0,53251.0,54735.0,54633.0,53935.0,54459.0,54893.0,56274.0,62558.0,64105.0,68299.0,67033.0,61474.0,58857.0,59190.0,59283.0,59586.0,61681.0,62132.0
37,Central African Republic,151.0,158.0,177.0,204.0,208.0,274.0,319.0,351.0,413.0,462.0,511.0,444.0,405.0,346.0,322.0,344.0,436.0,457.0,471.0,450.0,513.0,479.0,478.0,422.0,274.0,350.0,309.0,280.0,283.0,286.0,257.0,257.0,269.0,304.0,333.0,348.0,373.0,418.0,475.0,465.0,458.0,500.0,484.0,332.0,365.0,333.0
38,Chad,97.0,104.0,106.0,114.0,130.0,184.0,169.0,168.0,196.0,174.0,175.0,201.0,184.0,192.0,202.0,194.0,232.0,255.0,288.0,264.0,308.0,296.0,299.0,252.0,198.0,235.0,254.0,234.0,258.0,216.0,189.0,224.0,251.0,331.0,517.0,664.0,715.0,779.0,931.0,812.0,823.0,908.0,894.0,905.0,942.0,713.0
39,Chile,1000.0,1175.0,1246.0,1746.0,1664.0,762.0,1024.0,1368.0,1553.0,2060.0,2700.0,3191.0,2246.0,1826.0,1783.0,1548.0,1638.0,1882.0,2160.0,2423.0,2624.0,2951.0,3510.0,3670.0,4139.0,5225.0,5416.0,5839.0,5523.0,5014.0,5101.0,4594.0,4453.0,4841.0,6242.0,7645.0,9501.0,10514.0,10791.0,10217.0,12785.0,14582.0,15253.0,15765.0,14566.0,13416.0
40,China,111.0,117.0,129.0,154.0,157.0,175.0,166.0,182.0,227.0,272.0,312.0,293.0,285.0,302.0,306.0,297.0,283.0,302.0,370.0,406.0,345.0,355.0,417.0,518.0,466.0,600.0,700.0,774.0,823.0,869.0,957.0,1052.0,1150.0,1294.0,1514.0,1768.0,2114.0,2706.0,3471.0,3840.0,4524.0,5579.0,6323.0,7072.0,7693.0,8109.0
41,Colombia,462.0,489.0,531.0,614.0,721.0,748.0,856.0,1062.0,1240.0,1457.0,1702.0,1813.0,1897.0,1844.0,1782.0,1590.0,1560.0,1590.0,1681.0,1662.0,1661.0,1669.0,1755.0,1995.0,2588.0,2946.0,3044.0,3291.0,2994.0,2584.0,2472.0,2396.0,2356.0,2245.0,2740.0,3386.0,3709.0,4674.0,5434.0,5148.0,6251.0,7228.0,7885.0,8031.0,7918.0,6056.0
42,Comoros,86.0,93.0,108.0,141.0,155.0,234.0,223.0,237.0,295.0,380.0,400.0,359.0,326.0,330.0,309.0,320.0,441.0,517.0,530.0,493.0,587.0,574.0,605.0,582.0,398.0,484.0,468.0,419.0,414.0,417.0,372.0,392.0,429.0,539.0,610.0,615.0,641.0,712.0,786.0,769.0,759.0,819.0,778.0,823.0,841.0,707.0
43,Congo,196.0,218.0,254.0,328.0,384.0,439.0,442.0,428.0,517.0,683.0,947.0,1074.0,1131.0,1066.0,1083.0,1037.0,863.0,1043.0,978.0,1043.0,1173.0,1112.0,1166.0,1040.0,670.0,778.0,909.0,808.0,652.0,776.0,1036.0,878.0,927.0,1049.0,1362.0,1738.0,2145.0,2001.0,2655.0,2364.0,3020.0,3542.0,3186.0,3191.0,3125.0,1838.0
44,Cook Islands,478.0,476.0,498.0,652.0,780.0,781.0,759.0,911.0,1095.0,1286.0,1448.0,1507.0,1508.0,1482.0,1529.0,1592.0,2052.0,2617.0,3344.0,3386.0,3777.0,4091.0,4186.0,4630.0,5452.0,5786.0,5854.0,5427.0,4780.0,5149.0,5140.0,5346.0,6074.0,8174.0,9358.0,9411.0,9557.0,11478.0,11661.0,10653.0,12579.0,14029.0,14725.0,14623.0,15323.0,14119.0
45,Costa Rica,635.0,676.0,758.0,912.0,970.0,1114.0,1336.0,1658.0,1852.0,2066.0,2409.0,1274.0,1232.0,1447.0,1639.0,1711.0,1873.0,1880.0,1866.0,2062.0,2197.0,2114.0,2467.0,2704.0,2889.0,3128.0,3087.0,3266.0,3509.0,3848.0,3808.0,3982.0,4062.0,4168.0,4425.0,4697.0,5245.0,6121.0,6911.0,6809.0,8199.0,9187.0,9985.0,10547.0,10437.0,11015.0
46,Croatia,,,,,,,,,,,,,,,,,,,,,3479.0,2847.0,2585.0,2761.0,3726.0,4849.0,5176.0,5256.0,5662.0,5248.0,4917.0,5283.0,6113.0,7894.0,9481.0,10374.0,11545.0,13789.0,16218.0,14464.0,13823.0,14467.0,13176.0,13525.0,13412.0,11479.0
47,Cuba,653.0,780.0,901.0,1088.0,1224.0,1380.0,1445.0,1474.0,1838.0,2003.0,2025.0,2039.0,2111.0,2228.0,2400.0,2273.0,2383.0,2455.0,2646.0,2577.0,2707.0,2280.0,2057.0,2071.0,2621.0,2790.0,2284.0,2306.0,2331.0,2560.0,2750.0,2841.0,3003.0,3201.0,3399.0,3787.0,4678.0,5194.0,5386.0,5495.0,5689.0,6139.0,6448.0,6790.0,7088.0,7657.0
48,Cura√ßao,,,,,,,,,,,,,,,,,,,,,,,,,,,,,,,,,,,,,,,,,19995.0,20199.0,20516.0,20399.0,20277.0,20050.0
49,Cyprus,1004.0,1162.0,1397.0,1681.0,1818.0,1571.0,1832.0,2337.0,3045.0,3961.0,4750.0,4527.0,4643.0,4589.0,4767.0,5011.0,6329.0,7501.0,8563.0,9015.0,10802.0,10860.0,12680.0,11801.0,13013.0,15265.0,15154.0,14225.0,15083.0,15283.0,14364.0,14816.0,16042.0,20240.0,23773.0,25311.0,27172.0,31353.0,35392.0,32104.0,30817.0,32236.0,28951.0,27543.0,26408.0,21942.0
50,Czech Republic,,,,,,,,,,,,,,,,,,,,,3905.0,2862.0,3344.0,3913.0,4581.0,5760.0,6466.0,5975.0,6445.0,6295.0,5989.0,6577.0,7990.0,9724.0,11651.0,13292.0,15111.0,18278.0,22620.0,19668.0,19703.0,21639.0,19666.0,19857.0,19712.0,17562.0
51,Czechoslovakia,1136.0,1183.0,1348.0,1582.0,1685.0,1844.0,1804.0,2567.0,2806.0,2996.0,3120.0,3301.0,3319.0,3291.0,2971.0,2968.0,3478.0,3898.0,3846.0,3764.0,,,,,,,,,,,,,,,,,,,,,,,,,,
52,DR Congo,238.0,259.0,279.0,346.0,411.0,426.0,390.0,485.0,670.0,638.0,593.0,511.0,497.0,411.0,241.0,251.0,282.0,234.0,260.0,425.0,424.0,391.0,344.0,432.0,226.0,212.0,211.0,211.0,216.0,187.0,174.0,169.0,171.0,170.0,190.0,213.0,247.0,273.0,311.0,286.0,329.0,380.0,417.0,450.0,480.0,486.0
53,Denmark,3464.0,3848.0,4657.0,6127.0,6778.0,7997.0,8775.0,9769.0,11815.0,13749.0,13883.0,12074.0,11793.0,11847.0,11555.0,12254.0,17224.0,21385.0,22562.0,21914.0,26895.0,27012.0,29570.0,27587.0,29966.0,35357.0,35710.0,32888.0,33403.0,33456.0,30751.0,30775.0,33271.0,40516.0,46563.0,48815.0,51994.0,58428.0,64302.0,58157.0,58007.0,61687.0,58409.0,61089.0,62388.0,53149.0
54,Djibouti,414.0,441.0,501.0,588.0,688.0,699.0,752.0,726.0,717.0,785.0,839.0,853.0,868.0,859.0,883.0,872.0,879.0,840.0,827.0,790.0,777.0,764.0,768.0,754.0,786.0,771.0,737.0,716.0,713.0,754.0,769.0,787.0,800.0,829.0,868.0,910.0,974.0,1061.0,1206.0,1235.0,1284.0,1372.0,1471.0,1611.0,1814.0,1956.0
55,Dominica,324.0,360.0,386.0,443.0,525.0,551.0,533.0,587.0,721.0,701.0,930.0,1041.0,1136.0,1267.0,1435.0,1587.0,1819.0,2058.0,2406.0,2604.0,2794.0,2966.0,3202.0,3336.0,3578.0,3639.0,3935.0,4104.0,4374.0,4539.0,4612.0,4710.0,4636.0,4814.0,5329.0,5251.0,5627.0,6056.0,6618.0,7028.0,6939.0,7022.0,6771.0,7073.0,7234.0,7051.0
56,Dominican Republic,413.0,450.0,523.0,600.0,729.0,875.0,936.0,1061.0,1069.0,1212.0,1428.0,1530.0,1640.0,1736.0,2040.0,866.0,1026.0,940.0,841.0,1188.0,1326.0,1347.0,1532.0,1706.0,1818.0,1995.0,2127.0,2407.0,2516.0,2594.0,2798.0,2898.0,2905.0,2274.0,2442.0,3844.0,4048.0,4596.0,4932.0,4903.0,5359.0,5787.0,5952.0,5952.0,6147.0,6374.0
57,East Timor,,,,,,,,,,,,,,,,,,,,,282.0,315.0,386.0,431.0,475.0,527.0,613.0,574.0,661.0,460.0,534.0,548.0,543.0,545.0,1149.0,1869.0,2799.0,2847.0,4358.0,3261.0,4043.0,5543.0,6178.0,4995.0,3607.0,2425.0
58,Ecuador,471.0,441.0,495.0,588.0,970.0,1106.0,1266.0,1495.0,1574.0,1823.0,2241.0,2664.0,2373.0,1992.0,1916.0,1895.0,1651.0,1467.0,1339.0,1392.0,1491.0,1623.0,1689.0,1729.0,2027.0,2135.0,2158.0,2360.0,2299.0,1584.0,1451.0,1904.0,2184.0,2440.0,2709.0,3022.0,3351.0,3591.0,4275.0,4256.0,4657.0,5223.0,5702.0,6074.0,6432.0,6205.0
59,Egypt,234.0,243.0,254.0,259.0,300.0,328.0,379.0,474.0,567.0,369.0,464.0,303.0,345.0,404.0,450.0,482.0,488.0,525.0,557.0,596.0,639.0,679.0,777.0,842.0,923.0,1053.0,1163.0,1260.0,1322.0,1369.0,1400.0,1304.0,1220.0,1025.0,1076.0,1260.0,1413.0,1703.0,2087.0,2337.0,2616.0,2758.0,3193.0,3063.0,3315.0,3452.0
60,El Salvador,92.0,94.0,98.0,111.0,128.0,142.0,177.0,218.0,229.0,252.0,256.0,245.0,250.0,279.0,316.0,383.0,521.0,603.0,704.0,818.0,914.0,998.0,1104.0,1270.0,1463.0,1700.0,1828.0,1956.0,2093.0,2158.0,2260.0,2363.0,2435.0,2550.0,2666.0,2874.0,3109.0,3358.0,3569.0,3431.0,3547.0,3821.0,3922.0,3999.0,4102.0,4219.0
61,Equatorial Guinea,77.0,81.0,81.0,108.0,120.0,156.0,169.0,194.0,225.0,255.0,269.0,240.0,264.0,274.0,255.0,282.0,333.0,388.0,399.0,341.0,389.0,372.0,437.0,426.0,305.0,415.0,657.0,1208.0,979.0,1586.0,2582.0,3488.0,4171.0,5550.0,9536.0,14482.0,15621.0,19633.0,28781.0,21251.0,22366.0,28404.0,28937.0,27529.0,26196.0,16344.0
62,Eritrea,,,,,,,,,,,,,,,,,,,,,106.0,121.0,138.0,160.0,200.0,202.0,234.0,240.0,243.0,231.0,200.0,206.0,193.0,222.0,273.0,262.0,281.0,299.0,307.0,404.0,451.0,544.0,632.0,701.0,793.0,915.0
63,Estonia,,,,,,,,,,,,,,,,,,,,,3589.0,3450.0,2831.0,2793.0,2855.0,3086.0,3346.0,3594.0,3991.0,4084.0,4067.0,4487.0,5295.0,7163.0,8844.0,10330.0,12578.0,16539.0,18035.0,14716.0,14641.0,17447.0,17404.0,19000.0,19916.0,17112.0
64,Ethiopia,85.0,87.0,92.0,104.0,114.0,111.0,118.0,132.0,139.0,150.0,157.0,160.0,160.0,170.0,195.0,221.0,223.0,231.0,218.0,217.0,233.0,257.0,198.0,138.0,129.0,133.0,139.0,140.0,123.0,114.0,121.0,116.0,109.0,117.0,133.0,159.0,190.0,235.0,308.0,331.0,300.0,339.0,458.0,494.0,560.0,603.0
65,Fiji,424.0,465.0,584.0,769.0,990.0,1188.0,1185.0,1204.0,1363.0,1643.0,1897.0,1901.0,1789.0,1641.0,1684.0,1606.0,1799.0,1634.0,1538.0,1734.0,1838.0,1885.0,2062.0,2172.0,2388.0,2571.0,2695.0,2678.0,2100.0,2442.0,2105.0,2066.0,2289.0,2871.0,3375.0,3627.0,3718.0,4047.0,4179.0,3370.0,3652.0,4352.0,4544.0,4759.0,5042.0,4922.0
66,Finland,2467.0,2712.0,3177.0,4174.0,5300.0,6260.0,6743.0,7074.0,7639.0,9342.0,11233.0,10933.0,10947.0,10511.0,10847.0,11406.0,14952.0,18562.0,22033.0,23966.0,28380.0,25524.0,22369.0,17634.0,20312.0,26271.0,25771.0,24671.0,25991.0,26182.0,24252.0,24911.0,26835.0,32810.0,37633.0,38966.0,41116.0,48280.0,53396.0,47090.0,46165.0,50720.0,47322.0,49510.0,49723.0,42148.0
67,France,2862.0,3174.0,3857.0,4966.0,5317.0,6673.0,6846.0,7513.0,9248.0,11171.0,12713.0,11111.0,10506.0,10006.0,9433.0,9775.0,13557.0,16324.0,17696.0,17704.0,21795.0,21683.0,23826.0,22392.0,23488.0,26859.0,26823.0,24174.0,24901.0,24617.0,22340.0,22434.0,24197.0,29602.0,33797.0,34833.0,36523.0,41588.0,45401.0,41604.0,40667.0,43762.0,40795.0,42531.0,42801.0,36304.0
68,French Polynesia,2379.0,2687.0,2855.0,3646.0,4542.0,5468.0,6004.0,6268.0,7695.0,9281.0,10271.0,9328.0,9104.0,9185.0,9215.0,9795.0,14553.0,15656.0,15478.0,15253.0,17987.0,18236.0,19446.0,18219.0,18547.0,20542.0,19429.0,18208.0,18582.0,18031.0,15835.0,15306.0,16044.0,19806.0,22053.0,22374.0,22786.0,25435.0,27039.0,24709.0,22684.0,22874.0,20795.0,21532.0,21586.0,18161.0
69,Gabon,695.0,803.0,889.0,1465.0,3071.0,4206.0,5741.0,5241.0,4356.0,5393.0,7435.0,6543.0,5975.0,5458.0,5580.0,5589.0,5149.0,4904.0,4781.0,5004.0,6342.0,6147.0,6196.0,5834.0,4406.0,5080.0,5684.0,5203.0,4275.0,4293.0,4609.0,4111.0,4191.0,4975.0,5821.0,6952.0,7324.0,8633.0,10523.0,7755.0,8354.0,10765.0,9897.0,10317.0,10317.0,7961.0
70,Gambia,215.0,220.0,277.0,458.0,580.0,675.0,603.0,619.0,715.0,761.0,834.0,854.0,827.0,787.0,740.0,894.0,580.0,618.0,740.0,736.0,772.0,727.0,729.0,749.0,720.0,738.0,774.0,713.0,725.0,683.0,637.0,543.0,442.0,361.0,415.0,433.0,440.0,520.0,609.0,550.0,563.0,517.0,505.0,484.0,440.0,473.0
71,Georgia,,,,,,,,,,,,,,,,,,,,,1548.0,1268.0,730.0,538.0,501.0,534.0,614.0,713.0,744.0,583.0,645.0,687.0,733.0,872.0,1133.0,1433.0,1749.0,2319.0,2946.0,2505.0,2738.0,3440.0,3829.0,3953.0,4092.0,3491.0
72,Germany,2744.0,3169.0,3795.0,5041.0,5636.0,6213.0,6587.0,7618.0,9406.0,11212.0,12113.0,10225.0,9942.0,9887.0,9313.0,9408.0,13420.0,16609.0,17862.0,17751.0,22353.0,23424.0,26515.0,25639.0,27164.0,31753.0,30582.0,27059.0,27353.0,26839.0,23810.0,23844.0,25450.0,30718.0,34628.0,35218.0,37040.0,42543.0,46519.0,42447.0,42483.0,46723.0,44037.0,46577.0,48102.0,41686.0
73,Ghana,413.0,439.0,373.0,339.0,384.0,359.0,358.0,383.0,437.0,453.0,484.0,497.0,475.0,455.0,495.0,519.0,541.0,565.0,601.0,591.0,682.0,746.0,713.0,601.0,534.0,618.0,647.0,629.0,667.0,673.0,424.0,441.0,499.0,602.0,683.0,804.0,930.0,1099.0,1234.0,1096.0,1323.0,1587.0,1642.0,1827.0,1397.0,1356.0
74,Greece,1496.0,1654.0,1906.0,2511.0,2830.0,3160.0,3412.0,3908.0,4714.0,5727.0,5909.0,5394.0,5588.0,5031.0,4867.0,4826.0,5669.0,6578.0,7613.0,7864.0,9662.0,10290.0,11260.0,10429.0,11060.0,12864.0,13599.0,13257.0,13300.0,13670.0,12025.0,12395.0,13971.0,18307.0,21772.0,22383.0,24626.0,28611.0,31758.0,29517.0,26782.0,25804.0,22113.0,21697.0,21460.0,17788.0
75,Greenland,1483.0,1845.0,2170.0,2827.0,3393.0,4188.0,4755.0,5567.0,7019.0,8280.0,9328.0,8469.0,7734.0,7894.0,7100.0,7632.0,11020.0,14238.0,16099.0,16532.0,18018.0,17915.0,18270.0,16324.0,17718.0,21298.0,21088.0,18865.0,20207.0,19849.0,18693.0,18957.0,20336.0,24727.0,28470.0,28969.0,31799.0,35854.0,40534.0,40851.0,40450.0,44361.0,41815.0,42994.0,43430.0,36977.0
76,Grenada,204.0,258.0,346.0,428.0,445.0,551.0,558.0,634.0,793.0,923.0,996.0,1050.0,1129.0,1157.0,1226.0,1368.0,1536.0,1794.0,2009.0,2227.0,2467.0,2582.0,2611.0,2579.0,2676.0,2793.0,2978.0,3196.0,3506.0,3768.0,5149.0,5138.0,5332.0,5826.0,5867.0,6804.0,6826.0,7375.0,8008.0,7453.0,7418.0,7466.0,7673.0,8011.0,8313.0,8934.0
77,Guatemala,313.0,317.0,327.0,388.0,464.0,521.0,607.0,743.0,801.0,888.0,987.0,1050.0,1035.0,1046.0,1067.0,1228.0,905.0,741.0,801.0,839.0,745.0,893.0,968.0,1031.0,1145.0,1261.0,1326.0,1458.0,1553.0,1431.0,1471.0,1562.0,1693.0,1743.0,1861.0,2064.0,2241.0,2472.0,2774.0,2617.0,2806.0,3167.0,3279.0,3432.0,3667.0,3903.0
78,Guinea,182.0,199.0,211.0,225.0,256.0,287.0,325.0,333.0,378.0,401.0,444.0,480.0,507.0,521.0,532.0,561.0,574.0,590.0,629.0,618.0,647.0,648.0,658.0,618.0,615.0,669.0,677.0,645.0,577.0,549.0,485.0,455.0,448.0,513.0,531.0,420.0,426.0,619.0,668.0,627.0,622.0,615.0,627.0,680.0,723.0,704.0
79,Guinea-Bissau,395.0,384.0,442.0,535.0,577.0,652.0,577.0,488.0,554.0,595.0,552.0,589.0,473.0,465.0,497.0,440.0,477.0,506.0,468.0,552.0,578.0,601.0,620.0,635.0,653.0,677.0,444.0,334.0,298.0,315.0,276.0,283.0,297.0,340.0,371.0,401.0,396.0,456.0,554.0,518.0,520.0,656.0,577.0,595.0,570.0,530.0
80,Guyana,614.0,643.0,643.0,677.0,936.0,1087.0,946.0,923.0,1025.0,1061.0,1199.0,1150.0,979.0,991.0,915.0,963.0,1096.0,736.0,898.0,835.0,877.0,775.0,831.0,1033.0,1202.0,1364.0,1541.0,1628.0,1552.0,1497.0,1531.0,1528.0,1558.0,1596.0,1693.0,1772.0,1961.0,2334.0,2570.0,2698.0,2999.0,3409.0,3759.0,3929.0,4028.0,4279.0
81,Haiti,93.0,100.0,101.0,125.0,149.0,176.0,223.0,235.0,237.0,257.0,323.0,323.0,328.0,353.0,386.0,417.0,455.0,389.0,384.0,393.0,436.0,414.0,286.0,240.0,277.0,345.0,373.0,400.0,455.0,486.0,429.0,404.0,364.0,315.0,401.0,448.0,518.0,625.0,660.0,660.0,671.0,737.0,760.0,804.0,819.0,794.0
82,Honduras,306.0,315.0,337.0,372.0,409.0,431.0,502.0,602.0,674.0,762.0,842.0,897.0,895.0,920.0,963.0,1025.0,1041.0,1101.0,1191.0,1293.0,742.0,726.0,788.0,786.0,751.0,845.0,850.0,961.0,1049.0,1058.0,1151.0,1201.0,1209.0,1243.0,1314.0,1418.0,1558.0,1733.0,1912.0,1976.0,2111.0,2324.0,2395.0,2358.0,2449.0,2522.0
83,Hong Kong,963.0,1114.0,1404.0,1936.0,2212.0,2307.0,2870.0,3393.0,3826.0,4569.0,5711.0,6028.0,6176.0,5652.0,6263.0,6593.0,7486.0,9097.0,10578.0,12022.0,13277.0,15188.0,17630.0,20145.0,22453.0,23542.0,25484.0,27663.0,25746.0,24782.0,25307.0,24779.0,24268.0,23559.0,24716.0,26536.0,28229.0,30762.0,31732.0,30801.0,32693.0,35279.0,36980.0,38479.0,40298.0,42431.0
84,Hungary,615.0,666.0,779.0,961.0,1050.0,1192.0,1374.0,1526.0,1775.0,2042.0,2357.0,2419.0,2471.0,2252.0,2194.0,2232.0,2582.0,2850.0,3063.0,3115.0,3564.0,3341.0,3726.0,3860.0,4152.0,4473.0,4503.0,4575.0,4732.0,4786.0,4617.0,5266.0,6644.0,8386.0,10249.0,11152.0,11391.0,13831.0,15650.0,12951.0,13007.0,14025.0,12785.0,13570.0,14085.0,12351.0
85,Iceland,2598.0,3264.0,4034.0,5452.0,7089.0,6508.0,7645.0,10023.0,11304.0,12730.0,14943.0,15276.0,13867.0,11823.0,12101.0,12462.0,16475.0,22544.0,24669.0,22674.0,25592.0,27065.0,27468.0,23894.0,24318.0,26852.0,27776.0,27845.0,30730.0,32084.0,31812.0,28680.0,32070.0,39003.0,46756.0,56248.0,56643.0,69725.0,56898.0,40998.0,41676.0,45711.0,43965.0,47571.0,52486.0,50936.0
86,India,108.0,113.0,120.0,140.0,154.0,157.0,154.0,175.0,198.0,214.0,257.0,268.0,267.0,285.0,276.0,281.0,301.0,326.0,353.0,342.0,364.0,316.0,311.0,298.0,335.0,373.0,385.0,411.0,406.0,425.0,431.0,437.0,449.0,517.0,616.0,710.0,791.0,991.0,1048.0,1069.0,1341.0,1501.0,1474.0,1504.0,1580.0,1614.0
87,Indonesia,90.0,92.0,106.0,152.0,236.0,271.0,324.0,388.0,426.0,416.0,573.0,710.0,712.0,629.0,632.0,617.0,554.0,515.0,591.0,663.0,735.0,809.0,863.0,964.0,1062.0,1195.0,1325.0,1239.0,540.0,785.0,831.0,797.0,958.0,1135.0,1225.0,1345.0,1693.0,1981.0,2308.0,2409.0,3125.0,3648.0,3701.0,3632.0,3500.0,3346.0
88,Iran (Islamic Republic of),385.0,469.0,570.0,876.0,1453.0,1594.0,2025.0,2313.0,2167.0,2425.0,2473.0,2553.0,3038.0,3621.0,3645.0,1613.0,1496.0,1713.0,1742.0,1663.0,1716.0,1835.0,1887.0,2027.0,1922.0,1896.0,2011.0,1825.0,1733.0,1757.0,1664.0,1793.0,2189.0,2241.0,2650.0,3135.0,3647.0,4705.0,5476.0,5438.0,6300.0,7874.0,7711.0,6631.0,5443.0,5038.0
89,Iraq,238.0,258.0,251.0,305.0,347.0,420.0,518.0,542.0,665.0,865.0,920.0,802.0,820.0,761.0,770.0,775.0,836.0,1001.0,1044.0,966.0,977.0,333.0,382.0,265.0,206.0,172.0,292.0,310.0,383.0,648.0,717.0,729.0,699.0,645.0,995.0,1342.0,1968.0,2636.0,3527.0,3659.0,3795.0,4941.0,5641.0,6073.0,5465.0,4509.0
90,Ireland,1493.0,1710.0,2089.0,2434.0,2527.0,2985.0,2926.0,3425.0,4391.0,5413.0,6345.0,5965.0,6140.0,5893.0,5674.0,5980.0,8060.0,9520.0,10610.0,11029.0,13852.0,13960.0,15626.0,14577.0,15786.0,18986.0,20651.0,22347.0,24069.0,26071.0,25993.0,27967.0,32243.0,40653.0,47061.0,50356.0,54066.0,61530.0,61366.0,51716.0,47938.0,51710.0,48377.0,51222.0,54815.0,60514.0
91,Israel,2133.0,2190.0,2785.0,3464.0,4560.0,4385.0,4498.0,4762.0,4596.0,5801.0,6461.0,6727.0,7221.0,7916.0,7304.0,6778.0,8268.0,9775.0,11746.0,11453.0,13195.0,14643.0,15824.0,15333.0,16822.0,18808.0,20041.0,20375.0,20116.0,19893.0,22004.0,21311.0,19380.0,19948.0,20922.0,21573.0,22780.0,25827.0,30439.0,28545.0,31502.0,34558.0,33484.0,37519.0,38890.0,37129.0
92,Italy,2112.0,2306.0,2668.0,3202.0,3619.0,4107.0,4033.0,4603.0,5609.0,6986.0,8443.0,7599.0,7520.0,7782.0,7679.0,7920.0,11206.0,14094.0,15592.0,16239.0,20653.0,21779.0,23060.0,18589.0,19182.0,20498.0,22928.0,21721.0,22212.0,21890.0,19979.0,20264.0,21968.0,27061.0,30822.0,31584.0,32970.0,37250.0,40304.0,36743.0,35663.0,38142.0,34699.0,35644.0,35957.0,30462.0
93,Ivory Coast,286.0,291.0,326.0,422.0,487.0,589.0,674.0,866.0,1044.0,1155.0,1231.0,977.0,841.0,729.0,700.0,687.0,868.0,922.0,904.0,912.0,978.0,915.0,922.0,826.0,596.0,771.0,817.0,766.0,804.0,778.0,647.0,664.0,718.0,875.0,930.0,942.0,963.0,1079.0,1258.0,1233.0,1236.0,1246.0,1270.0,1446.0,1542.0,1413.0
94,Jamaica,847.0,913.0,1095.0,1105.0,1353.0,1607.0,1645.0,1782.0,1435.0,1304.0,1417.0,1552.0,1687.0,1823.0,1178.0,1029.0,1232.0,1463.0,1702.0,1945.0,2021.0,1794.0,1593.0,2034.0,2013.0,2629.0,2933.0,3318.0,3417.0,3423.0,3463.0,3512.0,3689.0,3559.0,3819.0,4199.0,4433.0,4733.0,5045.0,4440.0,4823.0,5247.0,5357.0,5148.0,4993.0,5106.0
95,Japan,2040.0,2272.0,2968.0,3977.0,4358.0,4683.0,5207.0,6347.0,8841.0,9127.0,9487.0,10405.0,9599.0,10395.0,10977.0,11674.0,17213.0,20775.0,25122.0,25054.0,25685.0,29161.0,31643.0,36120.0,39541.0,43774.0,38733.0,35304.0,32191.0,36357.0,38878.0,34162.0,32595.0,35137.0,37983.0,37450.0,35634.0,35483.0,39570.0,41082.0,44770.0,48388.0,48790.0,40601.0,38241.0,34629.0
96,Jordan,358.0,364.0,389.0,431.0,483.0,615.0,772.0,926.0,1193.0,1405.0,1760.0,1809.0,1848.0,1853.0,1815.0,1840.0,2144.0,2188.0,1960.0,1286.0,1197.0,1185.0,1421.0,1417.0,1501.0,1558.0,1558.0,1594.0,1712.0,1737.0,1775.0,1851.0,1940.0,2022.0,2207.0,2361.0,2723.0,2971.0,3656.0,3801.0,4054.0,4266.0,4423.0,4656.0,4831.0,4940.0
97,Kazakhstan,,,,,,,,,,,,,,,,,,,,,1798.0,1656.0,1611.0,1510.0,1362.0,1291.0,1339.0,1433.0,1453.0,1120.0,1223.0,1483.0,1641.0,2037.0,2821.0,3697.0,5192.0,6655.0,8384.0,7163.0,9077.0,11636.0,12365.0,13839.0,12746.0,10312.0
98,Kenya,224.0,239.0,259.0,295.0,339.0,358.0,368.0,458.0,522.0,577.0,647.0,587.0,544.0,487.0,486.0,463.0,527.0,560.0,577.0,546.0,540.0,493.0,471.0,317.0,392.0,491.0,489.0,519.0,544.0,485.0,466.0,468.0,462.0,510.0,536.0,608.0,712.0,858.0,939.0,943.0,992.0,1013.0,1185.0,1261.0,1368.0,1377.0
99,Kiribati,395.0,412.0,514.0,829.0,1480.0,1405.0,1034.0,960.0,1101.0,1035.0,1040.0,657.0,639.0,595.0,642.0,468.0,442.0,501.0,628.0,587.0,552.0,643.0,643.0,621.0,715.0,720.0,847.0,838.0,805.0,834.0,885.0,760.0,844.0,1060.0,1131.0,1215.0,1152.0,1358.0,1413.0,1297.0,1493.0,1693.0,1764.0,1724.0,1684.0,1443.0
100,Kosovo,,,,,,,,,,,,,,,,,,,,,2731.0,2030.0,1486.0,1098.0,1093.0,2351.0,1531.0,1448.0,1325.0,932.0,871.0,1339.0,1554.0,1835.0,2022.0,2108.0,2213.0,2669.0,3233.0,3201.0,3298.0,3739.0,3644.0,3985.0,4183.0,3665.0
101,Kuwait,3829.0,4804.0,5131.0,5832.0,13158.0,11431.0,11762.0,11973.0,12426.0,18815.0,20725.0,17384.0,14210.0,13157.0,13090.0,12359.0,9820.0,11662.0,10331.0,11835.0,8972.0,5488.0,10407.0,13372.0,14693.0,16221.0,19227.0,17999.0,14690.0,16255.0,19548.0,17532.0,18674.0,22841.0,27436.0,35694.0,42502.0,45157.0,54479.0,36779.0,37724.0,47555.0,50897.0,48465.0,43339.0,29304.0
102,Kyrgyzstan,,,,,,,,,,,,,,,,,,,,,594.0,559.0,489.0,420.0,340.0,325.0,392.0,373.0,340.0,255.0,277.0,306.0,319.0,380.0,436.0,481.0,549.0,727.0,970.0,872.0,877.0,1116.0,1169.0,1277.0,1278.0,1106.0
103,Laos,43.0,46.0,48.0,54.0,59.0,68.0,72.0,74.0,80.0,83.0,98.0,122.0,135.0,143.0,155.0,163.0,170.0,167.0,164.0,190.0,204.0,235.0,252.0,277.0,313.0,352.0,363.0,331.0,239.0,266.0,312.0,311.0,320.0,361.0,420.0,473.0,569.0,709.0,874.0,908.0,1077.0,1266.0,1452.0,1635.0,1772.0,1850.0
104,Latvia,,,,,,,,,,,,,,,,,,,,,3632.0,3386.0,2285.0,2025.0,2117.0,2173.0,2428.0,2680.0,2972.0,3146.0,3347.0,3560.0,4121.0,5137.0,6369.0,7597.0,9753.0,14232.0,16600.0,12361.0,11368.0,13772.0,13783.0,15028.0,15744.0,13704.0
105,Lebanon,866.0,950.0,1154.0,1466.0,1843.0,1691.0,734.0,1371.0,1528.0,1766.0,2091.0,1990.0,1349.0,1419.0,991.0,850.0,1049.0,816.0,1303.0,1066.0,1091.0,1582.0,2032.0,2726.0,3148.0,3793.0,4439.0,5043.0,5430.0,5388.0,5155.0,5079.0,5312.0,5350.0,5473.0,5390.0,5435.0,6088.0,7112.0,8484.0,8858.0,8728.0,8956.0,8931.0,8676.0,8571.0
106,Lesotho,65.0,61.0,71.0,106.0,118.0,120.0,115.0,147.0,198.0,209.0,269.0,266.0,238.0,253.0,211.0,169.0,194.0,243.0,278.0,288.0,341.0,374.0,434.0,426.0,438.0,490.0,459.0,477.0,440.0,436.0,415.0,377.0,348.0,510.0,645.0,711.0,736.0,817.0,827.0,860.0,1088.0,1241.0,1159.0,1065.0,1034.0,941.0
107,Liberia,182.0,187.0,198.0,225.0,268.0,312.0,315.0,342.0,364.0,406.0,404.0,449.0,448.0,430.0,413.0,401.0,392.0,414.0,446.0,466.0,232.0,213.0,140.0,101.0,83.0,82.0,92.0,145.0,163.0,184.0,183.0,174.0,183.0,139.0,165.0,186.0,207.0,232.0,250.0,268.0,271.0,378.0,414.0,453.0,458.0,456.0
108,Libya,1882.0,2210.0,2534.0,3322.0,5577.0,5206.0,6489.0,7326.0,6955.0,9230.0,11966.0,10076.0,9520.0,8873.0,7790.0,7782.0,6139.0,5554.0,6104.0,6300.0,7068.0,7648.0,7929.0,7028.0,6430.0,5800.0,6294.0,6557.0,5801.0,6413.0,7208.0,6275.0,3971.0,4677.0,5838.0,7834.0,9324.0,10414.0,15569.0,11087.0,12918.0,6454.0,15247.0,12228.0,7684.0,5488.0
109,Liechtenstein,4734.0,5394.0,6301.0,8217.0,9430.0,11747.0,12725.0,13872.0,19555.0,22092.0,23094.0,21801.0,22001.0,21872.0,20792.0,21685.0,31638.0,42316.0,46207.0,44053.0,55252.0,56962.0,61773.0,62475.0,71682.0,88001.0,89306.0,80647.0,85624.0,90630.0,83385.0,82703.0,88364.0,100057.0,111647.0,117279.0,127180.0,145102.0,158939.0,139781.0,156533.0,175517.0,165693.0,172562.0,178723.0,169492.0
110,Lithuania,,,,,,,,,,,,,,,,,,,,,2774.0,2702.0,2181.0,1879.0,1742.0,1847.0,2328.0,2832.0,3171.0,3122.0,3310.0,3542.0,4159.0,5520.0,6707.0,7819.0,9139.0,12172.0,14875.0,11801.0,11890.0,14174.0,14210.0,15677.0,16657.0,14384.0
111,Luxembourg,4431.0,4582.0,5689.0,7738.0,9359.0,9108.0,9912.0,10898.0,13491.0,15699.0,17071.0,14302.0,13013.0,12785.0,12526.0,12879.0,18721.0,23149.0,25990.0,27435.0,34553.0,36964.0,40933.0,41431.0,45412.0,52745.0,52513.0,46894.0,47470.0,51478.0,49014.0,47824.0,52531.0,65290.0,76014.0,80762.0,90026.0,106004.0,113686.0,101527.0,104169.0,114574.0,105942.0,112949.0,117454.0,100161.0
112,Macau,664.0,786.0,962.0,1320.0,1533.0,1791.0,1799.0,2322.0,3054.0,3469.0,4095.0,4220.0,4333.0,4129.0,4556.0,4553.0,4907.0,6016.0,6755.0,7700.0,8954.0,10109.0,12915.0,14611.0,15993.0,17558.0,17577.0,17502.0,16099.0,15256.0,15560.0,15548.0,16486.0,18181.0,23084.0,25830.0,30829.0,37200.0,41235.0,41188.0,52604.0,67150.0,77145.0,90747.0,96075.0,78586.0
113,Macedonia,,,,,,,,,,,,,,,,,,,,,,,,,,,,,,,1875.0,1835.0,1981.0,2432.0,2788.0,3064.0,3351.0,4064.0,4822.0,4566.0,4561.0,5080.0,4710.0,5220.0,5474.0,4836.0
114,Madagascar,137.0,144.0,160.0,191.0,210.0,243.0,226.0,237.0,261.0,329.0,373.0,323.0,309.0,300.0,303.0,286.0,317.0,243.0,225.0,223.0,267.0,225.0,244.0,267.0,228.0,235.0,288.0,247.0,253.0,244.0,246.0,279.0,263.0,317.0,246.0,275.0,293.0,379.0,472.0,417.0,414.0,456.0,445.0,462.0,453.0,402.0
115,Malawi,104.0,127.0,142.0,133.0,160.0,173.0,184.0,214.0,244.0,254.0,300.0,292.0,270.0,274.0,259.0,233.0,231.0,226.0,237.0,271.0,278.0,315.0,281.0,308.0,182.0,208.0,236.0,243.0,245.0,237.0,226.0,217.0,238.0,213.0,225.0,231.0,245.0,264.0,308.0,429.0,465.0,483.0,364.0,326.0,357.0,373.0
116,Malaysia,354.0,380.0,440.0,653.0,790.0,758.0,877.0,1019.0,1240.0,1571.0,1770.0,1763.0,1843.0,2033.0,2214.0,1979.0,1710.0,1927.0,2050.0,2194.0,2417.0,2626.0,3080.0,3396.0,3686.0,4286.0,4743.0,4593.0,3228.0,3456.0,4005.0,3879.0,4133.0,4431.0,4925.0,5564.0,6195.0,7241.0,8487.0,7312.0,9069.0,10428.0,10835.0,10971.0,11306.0,9768.0
117,Maldives,363.0,393.0,443.0,526.0,644.0,391.0,346.0,314.0,356.0,547.0,583.0,596.0,731.0,735.0,817.0,869.0,936.0,900.0,1040.0,1133.0,1247.0,1377.0,1562.0,1723.0,1856.0,2211.0,2442.0,2699.0,2813.0,3012.0,3135.0,3084.0,3122.0,3537.0,4009.0,3672.0,4755.0,5534.0,6573.0,6578.0,6986.0,7234.0,7303.0,7961.0,8657.0,9446.0
118,Mali,59.0,69.0,77.0,88.0,81.0,118.0,138.0,157.0,179.0,222.0,254.0,230.0,198.0,170.0,164.0,176.0,253.0,294.0,300.0,296.0,352.0,336.0,373.0,361.0,260.0,329.0,329.0,310.0,327.0,320.0,267.0,305.0,332.0,389.0,436.0,485.0,518.0,592.0,686.0,693.0,704.0,830.0,772.0,798.0,842.0,744.0
119,Malta,852.0,899.0,1001.0,1170.0,1270.0,1596.0,1765.0,2077.0,2615.0,3269.0,4042.0,3978.0,3905.0,3645.0,3406.0,3417.0,4340.0,5243.0,5986.0,6220.0,7407.0,7921.0,8622.0,7659.0,8401.0,9929.0,10133.0,9969.0,10412.0,10642.0,10469.0,10445.0,11421.0,13785.0,15309.0,16100.0,16962.0,19675.0,22091.0,20826.0,21212.0,23080.0,22287.0,24440.0,25704.0,23281.0
120,Marshall Islands,416.0,432.0,451.0,500.0,626.0,658.0,690.0,742.0,789.0,876.0,881.0,981.0,1057.0,1207.0,1246.0,1155.0,1405.0,1508.0,1619.0,1604.0,1674.0,1717.0,1861.0,2005.0,2156.0,2378.0,2177.0,2056.0,2093.0,2073.0,2127.0,2208.0,2394.0,2440.0,2521.0,2647.0,2758.0,2878.0,2926.0,2908.0,3124.0,3290.0,3502.0,3603.0,3530.0,3453.0
121,Mauritania,282.0,294.0,333.0,368.0,486.0,571.0,619.0,619.0,592.0,717.0,975.0,915.0,806.0,796.0,673.0,614.0,702.0,775.0,793.0,788.0,802.0,836.0,824.0,684.0,704.0,720.0,707.0,667.0,565.0,535.0,477.0,463.0,459.0,525.0,616.0,693.0,938.0,1009.0,1181.0,1046.0,1208.0,1403.0,1385.0,1529.0,1434.0,1235.0
122,Mauritius,238.0,264.0,326.0,402.0,658.0,651.0,796.0,915.0,1110.0,1303.0,1201.0,1197.0,1118.0,1119.0,1058.0,1086.0,1465.0,1821.0,2044.0,2074.0,2481.0,2626.0,3018.0,3009.0,3240.0,3625.0,3920.0,3673.0,3622.0,3695.0,3935.0,3864.0,4028.0,4810.0,5411.0,5310.0,5483.0,6320.0,7788.0,7108.0,7787.0,8988.0,9096.0,9443.0,9943.0,9041.0
123,Mexico,850.0,908.0,1013.0,1201.0,1516.0,1799.0,1766.0,1585.0,1935.0,2473.0,3345.0,4194.0,2851.0,2391.0,2761.0,2841.0,1952.0,2073.0,2487.0,2968.0,3427.0,4020.0,4556.0,4954.0,5071.0,3384.0,3858.0,4571.0,4719.0,5300.0,6308.0,6662.0,6860.0,6674.0,7113.0,7880.0,8666.0,9220.0,9579.0,7648.0,8851.0,9715.0,9703.0,10173.0,10326.0,8981.0
124,Micronesia,343.0,372.0,427.0,593.0,782.0,775.0,771.0,759.0,834.0,906.0,933.0,1075.0,1088.0,1106.0,1079.0,1262.0,1353.0,1380.0,1492.0,1536.0,1639.0,1780.0,1865.0,1988.0,2015.0,2063.0,2019.0,1905.0,2029.0,2046.0,2171.0,2239.0,2257.0,2293.0,2257.0,2360.0,2403.0,2448.0,2522.0,2698.0,2867.0,3006.0,3154.0,3049.0,3057.0,3015.0
125,Moldova,,,,,,,,,,,,,,,,,,,,,911.0,775.0,562.0,570.0,403.0,407.0,392.0,450.0,399.0,277.0,307.0,354.0,398.0,475.0,624.0,719.0,822.0,1066.0,1473.0,1328.0,1423.0,1720.0,1788.0,1960.0,1960.0,1591.0
126,Monaco,12097.0,13393.0,16199.0,20710.0,22004.0,27399.0,27907.0,30408.0,37155.0,44508.0,50171.0,43362.0,40510.0,38140.0,35630.0,36723.0,50859.0,61356.0,66765.0,67024.0,82625.0,82117.0,89966.0,84180.0,87872.0,100012.0,99416.0,89175.0,91428.0,89995.0,81357.0,81460.0,87654.0,106942.0,121524.0,124319.0,133280.0,167440.0,181264.0,149993.0,145538.0,163509.0,153542.0,174636.0,187650.0,165871.0
127,Mongolia,156.0,166.0,174.0,194.0,215.0,243.0,259.0,288.0,323.0,356.0,402.0,464.0,521.0,558.0,597.0,634.0,688.0,710.0,752.0,794.0,787.0,726.0,665.0,654.0,679.0,730.0,691.0,613.0,560.0,519.0,550.0,608.0,663.0,749.0,925.0,1158.0,1547.0,1894.0,2479.0,1991.0,2650.0,3773.0,4377.0,4401.0,4202.0,3973.0
128,Montenegro,,,,,,,,,,,,,,,,,,,,,3491.0,2849.0,2400.0,1325.0,1364.0,1958.0,1410.0,1369.0,1394.0,1361.0,1611.0,1902.0,2100.0,2793.0,3392.0,3686.0,4395.0,5970.0,7341.0,6714.0,6655.0,7285.0,6552.0,7147.0,7337.0,6424.0
129,Montserrat,670.0,774.0,894.0,993.0,1083.0,1221.0,1064.0,1168.0,1331.0,1608.0,2376.0,2810.0,3136.0,3369.0,3638.0,3850.0,4138.0,4538.0,5203.0,5904.0,7026.0,5979.0,6204.0,6165.0,6823.0,6729.0,5858.0,5356.0,5665.0,6398.0,7252.0,7976.0,9101.0,9231.0,9492.0,10231.0,10647.0,11062.0,11703.0,12069.0,11208.0,12758.0,12431.0,11749.0,11579.0,11553.0
130,Morocco,290.0,303.0,357.0,429.0,516.0,591.0,616.0,694.0,812.0,953.0,1101.0,872.0,859.0,758.0,678.0,669.0,862.0,932.0,1079.0,1095.0,1215.0,1286.0,1291.0,1196.0,1332.0,1426.0,1561.0,1404.0,1486.0,1458.0,1344.0,1355.0,1438.0,1756.0,1988.0,2058.0,2247.0,2549.0,2951.0,2929.0,2903.0,3116.0,2979.0,3206.0,3243.0,2919.0
131,Mozambique,391.0,425.0,466.0,536.0,547.0,552.0,490.0,482.0,489.0,500.0,480.0,452.0,463.0,422.0,471.0,439.0,453.0,265.0,226.0,244.0,264.0,238.0,165.0,165.0,163.0,162.0,215.0,251.0,281.0,298.0,275.0,254.0,260.0,281.0,333.0,366.0,382.0,419.0,500.0,461.0,418.0,525.0,593.0,605.0,623.0,529.0
132,Myanmar,99.0,99.0,90.0,114.0,133.0,120.0,130.0,130.0,142.0,159.0,171.0,168.0,168.0,170.0,171.0,172.0,127.0,123.0,111.0,118.0,124.0,125.0,139.0,149.0,161.0,174.0,186.0,197.0,127.0,140.0,153.0,158.0,213.0,202.0,207.0,239.0,275.0,360.0,507.0,641.0,801.0,1111.0,1161.0,1173.0,1241.0,1161.0
133,Namibia,811.0,879.0,853.0,1049.0,1244.0,1291.0,1209.0,1314.0,1482.0,1792.0,2500.0,2220.0,1994.0,2061.0,1674.0,1338.0,1460.0,1784.0,1873.0,1825.0,1893.0,1939.0,2135.0,2090.0,2319.0,2425.0,2344.0,2368.0,2150.0,2087.0,2059.0,1837.0,1717.0,2490.0,3236.0,3513.0,3815.0,4196.0,4011.0,4124.0,5143.0,5540.0,5680.0,5418.0,5349.0,4674.0
134,Nauru,2364.0,2544.0,2942.0,3743.0,4793.0,4750.0,4767.0,4720.0,5063.0,5165.0,5597.0,5882.0,5501.0,5185.0,5007.0,4043.0,3990.0,4337.0,4923.0,5090.0,5377.0,4869.0,4469.0,3787.0,3720.0,3496.0,3364.0,3075.0,2387.0,2447.0,2163.0,1894.0,1892.0,2387.0,2731.0,2599.0,2514.0,2294.0,4135.0,5409.0,6234.0,8551.0,11966.0,15100.0,17857.0,18469.0
135,Nepal,87.0,87.0,99.0,90.0,112.0,121.0,110.0,107.0,123.0,137.0,140.0,156.0,161.0,156.0,157.0,164.0,165.0,180.0,198.0,193.0,202.0,180.0,190.0,186.0,208.0,212.0,215.0,232.0,214.0,231.0,241.0,244.0,241.0,260.0,289.0,324.0,349.0,420.0,444.0,479.0,606.0,679.0,652.0,655.0,701.0,725.0
136,Netherlands,2906.0,3359.0,4079.0,5337.0,6253.0,7300.0,7900.0,9158.0,11122.0,12654.0,13661.0,11426.0,10976.0,10574.0,9868.0,9813.0,13628.0,16530.0,17561.0,17212.0,21070.0,21527.0,23687.0,22904.0,24388.0,28899.0,28668.0,26361.0,27509.0,27960.0,25972.0,26687.0,28949.0,35370.0,40026.0,41546.0,44303.0,50986.0,56675.0,51757.0,50289.0,53551.0,49491.0,51560.0,52148.0,44332.0
137,Netherlands Antilles,1394.0,1494.0,1678.0,1864.0,2324.0,2739.0,3053.0,3445.0,4195.0,4961.0,5476.0,6261.0,6628.0,6518.0,6506.0,6558.0,8429.0,8739.0,8996.0,10035.0,10520.0,10975.0,11454.0,12175.0,13088.0,13560.0,14318.0,14951.0,15329.0,15443.0,16020.0,16434.0,16777.0,17344.0,17785.0,17312.0,17889.0,18422.0,19373.0,18997.0,,,,,,
138,New Caledonia,3602.0,3998.0,4465.0,4569.0,5192.0,6369.0,6059.0,6218.0,6165.0,7505.0,8335.0,6758.0,6171.0,5530.0,5257.0,5553.0,7676.0,9348.0,12793.0,13232.0,15008.0,15404.0,16584.0,15632.0,16436.0,19178.0,18643.0,17921.0,17616.0,17703.0,16246.0,15403.0,17099.0,22151.0,26146.0,27270.0,30019.0,37346.0,37725.0,35693.0,37976.0,41392.0,37160.0,38437.0,39398.0,33966.0
139,New Zealand,2304.0,2764.0,3295.0,4249.0,4687.0,4484.0,4473.0,4870.0,5902.0,6697.0,7425.0,7956.0,7866.0,7739.0,7384.0,7376.0,9207.0,11617.0,13886.0,13283.0,13374.0,12722.0,12008.0,12805.0,14784.0,17185.0,18695.0,18470.0,15113.0,15696.0,14111.0,13850.0,15781.0,20872.0,25117.0,27746.0,26653.0,32402.0,31101.0,28029.0,33551.0,38248.0,39815.0,42448.0,44207.0,38294.0
140,Nicaragua,477.0,492.0,509.0,613.0,826.0,838.0,944.0,1110.0,1029.0,715.0,836.0,937.0,960.0,1016.0,1010.0,975.0,962.0,958.0,849.0,849.0,861.0,865.0,898.0,937.0,854.0,896.0,916.0,917.0,952.0,981.0,1016.0,1049.0,1010.0,1016.0,1091.0,1175.0,1245.0,1351.0,1518.0,1479.0,1523.0,1680.0,1776.0,1829.0,1960.0,2087.0
141,Niger,95.0,99.0,121.0,125.0,140.0,173.0,199.0,228.0,300.0,382.0,452.0,384.0,340.0,296.0,233.0,224.0,282.0,317.0,320.0,290.0,333.0,306.0,308.0,273.0,163.0,191.0,197.0,175.0,193.0,183.0,154.0,162.0,178.0,211.0,223.0,250.0,261.0,295.0,358.0,344.0,351.0,378.0,394.0,418.0,431.0,359.0
142,Nigeria,426.0,483.0,574.0,643.0,1015.0,1256.0,1489.0,1681.0,1819.0,2137.0,2693.0,2424.0,2321.0,2278.0,2204.0,2131.0,1050.0,631.0,738.0,650.0,715.0,652.0,577.0,549.0,445.0,452.0,468.0,477.0,484.0,481.0,607.0,563.0,736.0,821.0,1038.0,1293.0,1632.0,1819.0,2214.0,1756.0,2315.0,2529.0,2740.0,2980.0,3203.0,2714.0
143,North Korea,384.0,413.0,443.0,477.0,515.0,558.0,571.0,587.0,604.0,622.0,639.0,653.0,808.0,794.0,745.0,722.0,805.0,836.0,764.0,811.0,735.0,663.0,593.0,503.0,384.0,222.0,479.0,462.0,456.0,452.0,462.0,476.0,468.0,471.0,473.0,548.0,575.0,597.0,551.0,494.0,570.0,638.0,643.0,666.0,696.0,642.0
144,North Macedonia,,,,,,,,,,,,,,,,,,,,,1459.0,1466.0,1386.0,1508.0,1820.0,2409.0,2370.0,1987.0,1898.0,1932.0,,,,,,,,,,,,,,,,
145,North Yemen,85.0,99.0,141.0,126.0,150.0,178.0,190.0,212.0,226.0,240.0,260.0,275.0,300.0,301.0,298.0,304.0,307.0,311.0,315.0,321.0,,,,,,,,,,,,,,,,,,,,,,,,,,
146,Norway,3306.0,3735.0,4414.0,5691.0,6813.0,8207.0,8929.0,10270.0,11470.0,13056.0,15784.0,15530.0,15251.0,14957.0,15012.0,15769.0,18898.0,22536.0,24263.0,24324.0,28250.0,28592.0,30530.0,27979.0,29331.0,34871.0,37282.0,36564.0,34721.0,36334.0,38141.0,38540.0,43070.0,50154.0,57603.0,66760.0,74012.0,84995.0,96811.0,79990.0,87611.0,100558.0,101568.0,102833.0,96803.0,74186.0
147,Oman,371.0,421.0,495.0,627.0,2047.0,2489.0,2891.0,2936.0,2780.0,3582.0,5419.0,6187.0,6157.0,6170.0,6467.0,6861.0,5212.0,5265.0,4939.0,5321.0,6377.0,5927.0,6220.0,5979.0,5971.0,6228.0,6806.0,7031.0,6261.0,6979.0,8685.0,8560.0,8670.0,9070.0,10115.0,12399.0,14575.0,16226.0,22963.0,17519.0,19921.0,21164.0,21632.0,20205.0,19130.0,15551.0
148,Pakistan,226.0,234.0,135.0,140.0,180.0,220.0,251.0,279.0,319.0,341.0,397.0,456.0,430.0,422.0,439.0,421.0,425.0,439.0,485.0,470.0,480.0,506.0,554.0,533.0,560.0,630.0,613.0,601.0,590.0,575.0,556.0,519.0,557.0,618.0,694.0,768.0,871.0,952.0,926.0,970.0,1026.0,1219.0,1210.0,1215.0,1340.0,1410.0
149,Palau,875.0,946.0,1021.0,1103.0,1196.0,1305.0,1430.0,1574.0,1743.0,1922.0,2104.0,2282.0,2455.0,2631.0,2916.0,3241.0,3616.0,4044.0,4526.0,5057.0,5633.0,5992.0,6242.0,5588.0,6060.0,6729.0,7455.0,7616.0,7721.0,7329.0,7621.0,7832.0,8218.0,8255.0,8273.0,9037.0,9680.0,9695.0,9721.0,9600.0,9084.0,9124.0,9819.0,10451.0,11092.0,12122.0
150,Palestine,158.0,178.0,250.0,300.0,452.0,438.0,500.0,501.0,508.0,576.0,711.0,639.0,659.0,663.0,632.0,571.0,887.0,946.0,965.0,883.0,921.0,953.0,1125.0,1159.0,1137.0,1254.0,1243.0,1309.0,1356.0,1369.0,1338.0,1210.0,1052.0,1152.0,1234.0,1350.0,1341.0,1466.0,1731.0,1835.0,2191.0,2503.0,2624.0,2824.0,2800.0,2716.0
151,Panama,755.0,828.0,884.0,984.0,1094.0,1193.0,1234.0,1276.0,1475.0,1647.0,2049.0,2253.0,2331.0,2393.0,2474.0,2580.0,2666.0,2691.0,2353.0,2310.0,2459.0,2648.0,2949.0,3156.0,3297.0,3302.0,3335.0,3535.0,3755.0,3857.0,3837.0,3825.0,3903.0,4038.0,4349.0,4659.0,5072.0,6095.0,7009.0,7471.0,7987.0,9336.0,10672.0,11787.0,12712.0,13268.0
152,Papua New Guinea,448.0,487.0,566.0,831.0,914.0,821.0,860.0,921.0,1090.0,1221.0,1319.0,1260.0,1162.0,1127.0,1086.0,1001.0,1076.0,1247.0,1415.0,1340.0,1187.0,1363.0,1506.0,1669.0,1788.0,1542.0,1599.0,1489.0,1109.0,985.0,978.0,836.0,810.0,963.0,1057.0,1201.0,1332.0,1478.0,1766.0,1726.0,2074.0,2564.0,2973.0,2893.0,2975.0,2798.0
153,Paraguay,212.0,232.0,262.0,331.0,433.0,479.0,525.0,630.0,751.0,976.0,1236.0,1519.0,1535.0,1656.0,1319.0,1094.0,1265.0,1031.0,1335.0,940.0,1104.0,1277.0,1285.0,1338.0,1492.0,1694.0,1797.0,1781.0,1555.0,1405.0,1338.0,1192.0,1148.0,1175.0,1409.0,1507.0,1810.0,2312.0,3060.0,2600.0,3228.0,3988.0,3856.0,4480.0,4713.0,4174.0
154,Peru,437.0,474.0,512.0,597.0,733.0,871.0,809.0,711.0,594.0,739.0,959.0,1143.0,1135.0,860.0,881.0,743.0,1080.0,1730.0,1478.0,1626.0,1334.0,1542.0,1578.0,1494.0,1891.0,2220.0,2262.0,2342.0,2202.0,1964.0,1997.0,1982.0,2060.0,2181.0,2449.0,2755.0,3172.0,3612.0,4211.0,4167.0,5022.0,5772.0,6388.0,6577.0,6538.0,6069.0
155,Philippines (the),207.0,223.0,234.0,286.0,380.0,400.0,446.0,499.0,561.0,661.0,759.0,811.0,822.0,715.0,658.0,627.0,593.0,642.0,713.0,781.0,793.0,792.0,902.0,904.0,1040.0,1176.0,1285.0,1249.0,967.0,1088.0,1040.0,958.0,1001.0,1011.0,1080.0,1197.0,1395.0,1679.0,1929.0,1837.0,2145.0,2372.0,2605.0,2786.0,2873.0,2904.0
156,Poland,862.0,947.0,1039.0,1220.0,1357.0,1433.0,1583.0,1740.0,1953.0,2166.0,1652.0,1550.0,1864.0,2134.0,2118.0,1956.0,2025.0,1743.0,1871.0,2229.0,1727.0,2234.0,2458.0,2500.0,2875.0,3683.0,4144.0,4124.0,4524.0,4406.0,4466.0,4953.0,5167.0,5657.0,6634.0,7959.0,8960.0,11144.0,13856.0,11408.0,12426.0,13702.0,12959.0,13574.0,14116.0,12355.0
157,Portugal,935.0,1056.0,1276.0,1691.0,1934.0,2107.0,2183.0,2271.0,2457.0,2754.0,3372.0,3255.0,3092.0,2751.0,2542.0,2731.0,3904.0,4861.0,5694.0,6129.0,7960.0,9006.0,10822.0,9515.0,9937.0,11721.0,12118.0,11521.0,12158.0,12450.0,11515.0,11777.0,12954.0,15857.0,18118.0,18826.0,19831.0,22762.0,24771.0,23015.0,22514.0,23193.0,20577.0,21614.0,22075.0,19239.0
158,Puerto Rico,1884.0,2085.0,2303.0,2506.0,2704.0,2835.0,3048.0,3310.0,3664.0,4117.0,4592.0,5009.0,5200.0,5301.0,5822.0,6106.0,6552.0,7062.0,7678.0,8221.0,8822.0,9219.0,9790.0,10336.0,11005.0,11721.0,12362.0,13042.0,14549.0,15489.0,16479.0,18472.0,19140.0,20047.0,21288.0,22311.0,23276.0,23946.0,25117.0,25921.0,26520.0,27107.0,27482.0,27760.0,27692.0,27939.0
159,Qatar,4929.0,5984.0,7901.0,10577.0,12599.0,15028.0,18453.0,19244.0,20476.0,27445.0,35035.0,34962.0,27454.0,20968.0,20131.0,16583.0,12686.0,12866.0,13563.0,14011.0,15448.0,14189.0,15615.0,14542.0,14892.0,16243.0,17699.0,21389.0,18693.0,21718.0,29926.0,28577.0,30523.0,35222.0,43347.0,53207.0,61593.0,67612.0,82990.0,61464.0,70870.0,89116.0,94407.0,96719.0,97519.0,75274.0
160,Romania,619.0,727.0,830.0,956.0,991.0,1057.0,1176.0,1260.0,1472.0,1576.0,1613.0,1946.0,2259.0,2077.0,1773.0,2196.0,2381.0,2650.0,2729.0,2424.0,1728.0,1306.0,889.0,1203.0,1381.0,1640.0,1630.0,1583.0,1869.0,1623.0,1692.0,1852.0,2113.0,2756.0,3532.0,4657.0,5825.0,8176.0,10037.0,8163.0,8276.0,9217.0,8607.0,9677.0,10143.0,9121.0
161,Russian Federation (the),,,,,,,,,,,,,,,,,,,,,3869.0,3786.0,3305.0,3087.0,2752.0,2694.0,2648.0,2740.0,1838.0,1333.0,1774.0,2103.0,2379.0,2976.0,4102.0,5320.0,6906.0,9077.0,11604.0,8542.0,10652.0,14187.0,15145.0,15559.0,14160.0,9243.0
162,Rwanda,61.0,71.0,77.0,93.0,119.0,139.0,150.0,170.0,199.0,236.0,258.0,280.0,271.0,276.0,285.0,296.0,318.0,338.0,349.0,346.0,335.0,256.0,285.0,294.0,190.0,208.0,218.0,275.0,273.0,240.0,216.0,201.0,196.0,213.0,237.0,287.0,337.0,398.0,492.0,530.0,554.0,607.0,667.0,679.0,697.0,697.0
163,Saint Kitts and Nevis,556.0,674.0,793.0,836.0,1088.0,1153.0,978.0,1017.0,1123.0,1342.0,1567.0,1839.0,1973.0,2001.0,2267.0,2524.0,3004.0,3403.0,4038.0,4531.0,5112.0,5118.0,5547.0,5968.0,6552.0,6988.0,7346.0,8132.0,8214.0,8670.0,9219.0,9967.0,10283.0,9760.0,10378.0,11054.0,12771.0,13356.0,14463.0,13984.0,13467.0,14212.0,13690.0,14515.0,15430.0,15772.0
164,Saint Lucia,327.0,370.0,419.0,467.0,628.0,720.0,730.0,805.0,928.0,1109.0,1283.0,1449.0,1547.0,1656.0,1801.0,1970.0,2348.0,2523.0,2822.0,3138.0,3365.0,3570.0,3916.0,3873.0,3989.0,4199.0,4413.0,4433.0,4800.0,4989.0,4984.0,4652.0,4630.0,4981.0,5416.0,5656.0,6364.0,6721.0,6782.0,6716.0,7014.0,7193.0,7201.0,7327.0,7649.0,7839.0
165,Saint Vincent and the Grenadines,234.0,251.0,342.0,370.0,399.0,398.0,383.0,435.0,545.0,627.0,696.0,847.0,974.0,1083.0,1170.0,1277.0,1430.0,1587.0,1821.0,1963.0,2179.0,2327.0,2554.0,2609.0,2661.0,2887.0,3047.0,3215.0,3477.0,3616.0,3673.0,3982.0,4271.0,4447.0,4808.0,5064.0,5610.0,6220.0,6370.0,6177.0,6232.0,6184.0,6338.0,6597.0,6656.0,6739.0
166,Samoa,281.0,328.0,377.0,494.0,553.0,549.0,496.0,570.0,624.0,705.0,720.0,673.0,686.0,629.0,611.0,532.0,560.0,618.0,734.0,675.0,688.0,681.0,712.0,709.0,1174.0,1151.0,1287.0,1394.0,1301.0,1321.0,1323.0,1363.0,1495.0,1810.0,2152.0,2414.0,2488.0,3514.0,3581.0,3147.0,3651.0,4200.0,4235.0,4226.0,4296.0,4006.0
167,San Marino,4171.0,4547.0,5271.0,6346.0,7180.0,8123.0,7917.0,8931.0,10732.0,13179.0,15724.0,13993.0,13705.0,14045.0,13726.0,14017.0,19632.0,24438.0,26746.0,27533.0,34580.0,35971.0,37538.0,32821.0,35067.0,39410.0,44808.0,41797.0,44357.0,46423.0,41604.0,43270.0,46091.0,58041.0,67216.0,69333.0,73234.0,83268.0,91241.0,77642.0,69708.0,66388.0,57764.0,59412.0,58390.0,49240.0
168,Saudi Arabia,921.0,1179.0,1514.0,2232.0,6446.0,6296.0,8158.0,8943.0,9136.0,11998.0,16599.0,17457.0,13625.0,10799.0,9439.0,7776.0,6199.0,5845.0,5784.0,6022.0,7180.0,7818.0,7869.0,7422.0,7347.0,7593.0,8197.0,8367.0,7230.0,7765.0,8859.0,8367.0,8364.0,9239.0,10756.0,13274.0,14827.0,15947.0,19437.0,15655.0,18754.0,23256.0,24883.0,24646.0,24406.0,20711.0
169,Senegal,226.0,226.0,265.0,296.0,324.0,424.0,419.0,418.0,454.0,553.0,584.0,472.0,478.0,445.0,407.0,436.0,617.0,731.0,768.0,691.0,826.0,773.0,821.0,718.0,468.0,559.0,567.0,510.0,536.0,535.0,475.0,482.0,513.0,643.0,732.0,773.0,808.0,949.0,1095.0,1016.0,998.0,1076.0,1032.0,1043.0,1043.0,901.0
170,Serbia,,,,,,,,,,,,,,,,,,,,,5121.0,4860.0,3568.0,2538.0,2656.0,2861.0,2986.0,3178.0,2416.0,2441.0,870.0,1635.0,2149.0,2832.0,3331.0,3528.0,4130.0,5458.0,6702.0,5821.0,5412.0,6423.0,5659.0,6355.0,6203.0,5239.0
171,Seychelles,425.0,494.0,672.0,788.0,897.0,969.0,975.0,1247.0,1619.0,2361.0,2686.0,2743.0,2610.0,2564.0,2632.0,2922.0,3604.0,4302.0,4900.0,5250.0,6306.0,6327.0,7207.0,7651.0,7726.0,8005.0,7769.0,8668.0,9280.0,9387.0,9203.0,9044.0,9964.0,9869.0,9608.0,10357.0,11307.0,11379.0,10555.0,9175.0,10421.0,10856.0,11209.0,13817.0,14074.0,14133.0
172,Sierra Leone,181.0,190.0,205.0,230.0,259.0,271.0,247.0,275.0,348.0,392.0,432.0,453.0,498.0,424.0,507.0,397.0,271.0,222.0,339.0,312.0,224.0,268.0,234.0,267.0,320.0,307.0,333.0,299.0,235.0,229.0,212.0,258.0,283.0,298.0,297.0,325.0,360.0,400.0,454.0,435.0,446.0,498.0,629.0,796.0,794.0,695.0
173,Singapore,925.0,1075.0,1371.0,1929.0,2360.0,2559.0,2649.0,2892.0,3439.0,4092.0,5003.0,5831.0,6298.0,6969.0,7386.0,6850.0,6781.0,7654.0,9206.0,10665.0,12896.0,14668.0,16335.0,18426.0,21768.0,25237.0,27002.0,27418.0,22944.0,22572.0,24459.0,22192.0,22229.0,22800.0,26098.0,28343.0,32027.0,38029.0,39638.0,38752.0,46549.0,53023.0,54585.0,55557.0,55635.0,52239.0
174,Sint Maarten,,,,,,,,,,,,,,,,,,,,,,,,,,,,,,,,,,,,,,,,,27064.0,27548.0,28060.0,28070.0,28085.0,28242.0
175,Slovakia,,,,,,,,,,,,,,,,,,,,,3179.0,2218.0,2402.0,2578.0,2974.0,3722.0,4016.0,4068.0,4236.0,3861.0,3840.0,3969.0,4601.0,6300.0,7997.0,9093.0,10595.0,14267.0,17899.0,16464.0,16553.0,18143.0,17249.0,18172.0,18581.0,16082.0
176,Slovenia,,,,,,,,,,,,,,,,,,,,,9029.0,6578.0,6508.0,6602.0,7513.0,10683.0,10798.0,10437.0,11128.0,11410.0,10230.0,10499.0,11853.0,14937.0,17314.0,18204.0,19738.0,23848.0,27377.0,24595.0,23393.0,24910.0,22424.0,23096.0,23973.0,20690.0
177,Solomon Islands,200.0,208.0,219.0,282.0,391.0,335.0,359.0,392.0,456.0,584.0,622.0,678.0,662.0,484.0,663.0,591.0,520.0,510.0,597.0,553.0,667.0,687.0,790.0,833.0,916.0,1015.0,1091.0,1075.0,918.0,947.0,820.0,790.0,630.0,704.0,794.0,915.0,980.0,1195.0,1266.0,1240.0,1368.0,1619.0,1777.0,1885.0,1924.0,1842.0
178,Somalia,99.0,100.0,128.0,137.0,157.0,195.0,205.0,94.0,95.0,90.0,94.0,107.0,116.0,108.0,117.0,133.0,133.0,149.0,151.0,155.0,157.0,97.0,93.0,159.0,179.0,177.0,194.0,222.0,279.0,266.0,278.0,171.0,156.0,189.0,241.0,273.0,275.0,279.0,285.0,215.0,112.0,109.0,130.0,136.0,131.0,124.0
179,South Africa,829.0,891.0,911.0,1215.0,1487.0,1498.0,1402.0,1520.0,1706.0,2055.0,2886.0,2892.0,2585.0,2809.0,2425.0,1808.0,2019.0,2593.0,2729.0,2780.0,3172.0,3323.0,3518.0,3429.0,3488.0,3800.0,3548.0,3612.0,3210.0,3137.0,3083.0,2708.0,2501.0,3731.0,4796.0,5331.0,5540.0,6025.0,5696.0,5804.0,7271.0,7972.0,7501.0,6882.0,6509.0,5773.0
180,Korea (the Republic of),286.0,308.0,331.0,414.0,571.0,625.0,844.0,1068.0,1422.0,1805.0,1735.0,1904.0,2011.0,2215.0,2420.0,2476.0,2814.0,3514.0,4680.0,5724.0,6501.0,7513.0,8009.0,8773.0,10275.0,12454.0,13301.0,12311.0,8207.0,10570.0,12155.0,11465.0,13022.0,14466.0,16164.0,18866.0,21122.0,23290.0,20660.0,18480.0,22296.0,24363.0,24649.0,26192.0,28185.0,27397.0
181,South Sudan,,,,,,,,,,,,,,,,,,,,,,,,,,,,,,,,,,,,,,,,,1563.0,1696.0,946.0,1196.0,1348.0,1067.0
182,South Yemen,106.0,95.0,105.0,84.0,88.0,87.0,111.0,133.0,157.0,164.0,195.0,217.0,251.0,256.0,264.0,249.0,210.0,209.0,213.0,233.0,,,,,,,,,,,,,,,,,,,,,,,,,,
183,Soviet Union,1789.0,1863.0,2090.0,2479.0,2452.0,2704.0,2691.0,2861.0,3228.0,3435.0,3551.0,3396.0,3563.0,3653.0,3420.0,3302.0,3042.0,2831.0,2743.0,2711.0,,,,,,,,,,,,,,,,,,,,,,,,,,
184,Spain,1205.0,1355.0,1700.0,2234.0,2732.0,3187.0,3256.0,3600.0,4322.0,5722.0,6156.0,5326.0,5115.0,4438.0,4448.0,4655.0,6451.0,8161.0,9611.0,10577.0,13653.0,14651.0,15970.0,13252.0,13348.0,15414.0,16075.0,14719.0,15368.0,15676.0,14611.0,15182.0,16864.0,21349.0,24778.0,26388.0,28391.0,32720.0,35687.0,32379.0,30720.0,31858.0,28646.0,29314.0,29742.0,25865.0
185,Sri Lanka,225.0,226.0,248.0,264.0,323.0,328.0,306.0,340.0,229.0,275.0,325.0,340.0,358.0,381.0,430.0,425.0,444.0,456.0,482.0,476.0,542.0,603.0,642.0,682.0,766.0,838.0,899.0,967.0,1000.0,988.0,1019.0,971.0,1027.0,1124.0,1221.0,1430.0,1645.0,1869.0,2336.0,2398.0,2808.0,3214.0,3351.0,3621.0,3881.0,3974.0
186,Sudan,89.0,94.0,113.0,140.0,166.0,200.0,242.0,275.0,286.0,305.0,333.0,388.0,284.0,247.0,323.0,294.0,387.0,489.0,473.0,452.0,490.0,426.0,442.0,442.0,407.0,426.0,270.0,320.0,332.0,317.0,377.0,439.0,493.0,564.0,684.0,878.0,1097.0,1400.0,1464.0,1348.0,1494.0,1773.0,1612.0,1871.0,2081.0,2335.0
187,Suriname,960.0,1044.0,1142.0,1263.0,1539.0,1758.0,1918.0,2434.0,2788.0,2961.0,3002.0,3353.0,3445.0,3315.0,3221.0,3221.0,3238.0,3497.0,4059.0,1889.0,1844.0,1921.0,1938.0,1819.0,1889.0,1894.0,2322.0,2445.0,2884.0,2349.0,2406.0,2109.0,2754.0,3195.0,3690.0,4457.0,5296.0,5862.0,6973.0,7562.0,8431.0,8448.0,9422.0,9646.0,9737.0,8985.0
188,Swaziland,347.0,419.0,447.0,563.0,676.0,766.0,760.0,819.0,889.0,1022.0,1336.0,1435.0,1294.0,1335.0,1057.0,764.0,925.0,1171.0,1309.0,1300.0,1454.0,1500.0,1624.0,1611.0,1685.0,1974.0,1822.0,1914.0,1725.0,1651.0,1603.0,1418.0,1300.0,1995.0,2523.0,2813.0,2844.0,2963.0,2809.0,3047.0,3794.0,4091.0,3953.0,3687.0,3540.0,3212.0
189,Sweden,4666.0,5066.0,5943.0,7189.0,7967.0,9974.0,10720.0,11295.0,12447.0,14665.0,16856.0,15368.0,13548.0,12435.0,12919.0,13473.0,17711.0,21445.0,24130.0,25261.0,30161.0,31377.0,32302.0,24029.0,25724.0,29915.0,32556.0,29854.0,30109.0,30557.0,29282.0,26991.0,29615.0,37025.0,42495.0,43083.0,46222.0,53294.0,55706.0,46183.0,52053.0,59511.0,56990.0,60134.0,59137.0,50687.0
190,Switzerland,3925.0,4677.0,5692.0,7604.0,8723.0,9976.0,10436.0,11171.0,15671.0,17658.0,18832.0,17214.0,17572.0,17412.0,16524.0,16651.0,23731.0,29548.0,31770.0,30457.0,38572.0,38644.0,39789.0,38269.0,41943.0,48705.0,46690.0,40422.0,41467.0,40619.0,37911.0,38693.0,41580.0,48285.0,53578.0,55009.0,57375.0,63150.0,72131.0,69728.0,74223.0,87850.0,82897.0,84353.0,85577.0,80831.0
191,Syria,275.0,313.0,349.0,361.0,559.0,702.0,817.0,864.0,1002.0,1165.0,1468.0,1818.0,1835.0,1887.0,1873.0,942.0,884.0,895.0,1018.0,851.0,897.0,971.0,1095.0,1147.0,890.0,945.0,1028.0,1068.0,1122.0,1115.0,1202.0,1258.0,1281.0,1205.0,1389.0,1566.0,1768.0,2073.0,2615.0,2631.0,2918.0,2691.0,2005.0,1640.0,1816.0,1535.0
192,S√£o Tom√© and Pr√≠ncipe,477.0,467.0,508.0,674.0,682.0,692.0,583.0,535.0,581.0,675.0,818.0,819.0,774.0,712.0,730.0,760.0,1046.0,1028.0,862.0,841.0,999.0,882.0,762.0,990.0,1013.0,785.0,1005.0,672.0,520.0,546.0,528.0,516.0,566.0,658.0,704.0,824.0,859.0,911.0,1193.0,1172.0,1206.0,1397.0,1481.0,1741.0,1968.0,1753.0
193,Tajikistan,,,,,,,,,,,,,,,,,,,,,537.0,504.0,359.0,302.0,239.0,211.0,176.0,154.0,217.0,176.0,139.0,172.0,191.0,238.0,311.0,340.0,407.0,524.0,711.0,672.0,744.0,841.0,962.0,1049.0,1113.0,926.0
194,Tanzania (mainland),179.0,185.0,204.0,236.0,275.0,306.0,321.0,372.0,432.0,443.0,500.0,559.0,573.0,560.0,499.0,534.0,366.0,249.0,281.0,291.0,277.0,303.0,261.0,230.0,230.0,260.0,313.0,358.0,384.0,384.0,394.0,391.0,396.0,416.0,444.0,476.0,468.0,533.0,657.0,665.0,701.0,733.0,820.0,908.0,955.0,877.0
195,Thailand,200.0,202.0,218.0,281.0,346.0,366.0,407.0,463.0,550.0,614.0,706.0,746.0,768.0,825.0,846.0,773.0,841.0,968.0,1161.0,1339.0,1561.0,1766.0,1997.0,2209.0,2494.0,2852.0,3052.0,2476.0,1853.0,2040.0,2012.0,1893.0,2094.0,2349.0,2643.0,2874.0,3351.0,3963.0,4385.0,4231.0,5112.0,5539.0,5915.0,6225.0,5970.0,5815.0
196,Togo,125.0,136.0,155.0,176.0,230.0,248.0,231.0,273.0,330.0,385.0,416.0,338.0,282.0,244.0,222.0,228.0,312.0,360.0,423.0,403.0,472.0,455.0,465.0,346.0,262.0,338.0,360.0,357.0,329.0,321.0,265.0,266.0,286.0,317.0,357.0,378.0,387.0,430.0,523.0,509.0,496.0,562.0,578.0,603.0,643.0,567.0
197,Tonga,203.0,226.0,269.0,395.0,525.0,481.0,441.0,495.0,596.0,633.0,848.0,876.0,910.0,915.0,912.0,779.0,930.0,1115.0,1533.0,1597.0,1703.0,2049.0,2019.0,1991.0,2032.0,2120.0,2291.0,2206.0,1953.0,2006.0,1933.0,1695.0,1833.0,2082.0,2374.0,2593.0,2873.0,2985.0,3326.0,3154.0,3597.0,4294.0,4445.0,4178.0,4122.0,3784.0
198,Trinidad and Tobago,869.0,938.0,1119.0,1332.0,2048.0,2415.0,2438.0,3019.0,3380.0,4305.0,5746.0,6342.0,7264.0,6818.0,6712.0,6299.0,4049.0,4014.0,3732.0,3562.0,4148.0,4316.0,4396.0,3678.0,3957.0,4246.0,4577.0,4551.0,4787.0,5384.0,6431.0,6936.0,7050.0,8805.0,10291.0,12323.0,14096.0,16530.0,21188.0,14509.0,15840.0,18287.0,18322.0,20217.0,20717.0,20452.0
199,Tunisia,312.0,358.0,465.0,555.0,704.0,841.0,856.0,948.0,1082.0,1272.0,1507.0,1414.0,1326.0,1283.0,1237.0,1261.0,1318.0,1384.0,1408.0,1378.0,1642.0,1697.0,1978.0,1826.0,1916.0,2172.0,2323.0,2211.0,2295.0,2389.0,2214.0,2255.0,2346.0,2762.0,3113.0,3194.0,3371.0,3778.0,4310.0,4130.0,4140.0,4258.0,4140.0,4203.0,4277.0,3661.0
200,Turkey,703.0,648.0,794.0,974.0,1311.0,1601.0,1790.0,1995.0,2154.0,2874.0,2106.0,2125.0,1886.0,1761.0,1675.0,1838.0,2028.0,2290.0,2343.0,2714.0,3751.0,3698.0,3832.0,4277.0,3049.0,3889.0,4103.0,4226.0,4389.0,4009.0,4215.0,3054.0,3570.0,4587.0,5855.0,7117.0,7728.0,9309.0,10382.0,8624.0,10111.0,10539.0,10539.0,10801.0,10299.0,9126.0
201,Turkmenistan,,,,,,,,,,,,,,,,,,,,,839.0,804.0,679.0,686.0,565.0,523.0,558.0,618.0,651.0,867.0,1096.0,1484.0,1891.0,2424.0,2588.0,2987.0,3378.0,3807.0,4398.0,4060.0,4479.0,5725.0,6798.0,7480.0,8194.0,6997.0
202,Turks and Caicos Islands,1736.0,1915.0,2094.0,2279.0,2481.0,2709.0,2972.0,3268.0,3592.0,3933.0,4276.0,4614.0,4951.0,5304.0,5697.0,6144.0,6659.0,7236.0,7886.0,8547.0,9170.0,9757.0,10285.0,11086.0,11780.0,12424.0,13404.0,14238.0,15494.0,16489.0,16923.0,17772.0,16868.0,17502.0,19405.0,21877.0,26116.0,27009.0,29262.0,23248.0,22159.0,22971.0,22070.0,22245.0,23615.0,25122.0
203,Tuvalu,354.0,372.0,406.0,502.0,527.0,501.0,490.0,454.0,489.0,502.0,534.0,579.0,457.0,475.0,509.0,407.0,500.0,602.0,847.0,917.0,1059.0,1120.0,1176.0,1047.0,1244.0,1275.0,1349.0,1441.0,1391.0,1470.0,1302.0,1356.0,1536.0,1912.0,2241.0,2259.0,2353.0,2768.0,3095.0,2763.0,3238.0,3994.0,4044.0,3880.0,3796.0,3362.0
204,Uganda,151.0,162.0,171.0,195.0,230.0,258.0,264.0,276.0,275.0,253.0,259.0,285.0,317.0,340.0,325.0,324.0,357.0,386.0,426.0,363.0,248.0,195.0,202.0,203.0,309.0,350.0,344.0,360.0,335.0,309.0,285.0,287.0,292.0,299.0,346.0,398.0,422.0,502.0,587.0,594.0,597.0,638.0,701.0,715.0,750.0,648.0
205,Ukraine,,,,,,,,,,,,,,,,,,,,,1823.0,1720.0,1586.0,1395.0,1102.0,991.0,914.0,1037.0,874.0,665.0,664.0,814.0,918.0,1095.0,1426.0,1907.0,2406.0,3216.0,4087.0,2652.0,3093.0,3723.0,4029.0,4218.0,2967.0,2022.0
206,United Arab Emirates,4475.0,5246.0,6706.0,11004.0,25705.0,27709.0,30887.0,34408.0,28736.0,33674.0,42879.0,45131.0,40245.0,35136.0,32655.0,30067.0,23728.0,23953.0,22477.0,24219.0,27989.0,26946.0,26864.0,26141.0,26496.0,27974.0,29813.0,30377.0,27681.0,29279.0,34208.0,32106.0,32355.0,34295.0,37180.0,40299.0,42952.0,42914.0,45720.0,32905.0,34358.0,39901.0,41712.0,42987.0,44239.0,40439.0
207,United Kingdom of Great Britain and Northern Ireland (the),2350.0,2655.0,3039.0,3436.0,3673.0,4303.0,4138.0,4679.0,5974.0,7809.0,10049.0,9616.0,9156.0,8699.0,8191.0,8672.0,10642.0,13153.0,16025.0,16275.0,19142.0,19956.0,20546.0,18436.0,19752.0,22802.0,23986.0,26380.0,27773.0,28168.0,27781.0,27304.0,29637.0,34066.0,39921.0,41656.0,44161.0,50091.0,46615.0,38043.0,38741.0,41302.0,41621.0,42522.0,46615.0,44162.0
208,United States of America (the),5136.0,5525.0,6014.0,6641.0,7137.0,7713.0,8496.0,9350.0,10463.0,11574.0,12468.0,13854.0,14298.0,15405.0,16949.0,18059.0,18887.0,19844.0,21191.0,22600.0,23649.0,24177.0,25355.0,26403.0,27758.0,28782.0,30058.0,31547.0,32890.0,34535.0,36355.0,37166.0,38054.0,39555.0,41818.0,44215.0,46362.0,47994.0,48341.0,46931.0,48291.0,49675.0,51319.0,52632.0,54447.0,56054.0
209,Uruguay,903.0,1082.0,868.0,1109.0,1535.0,1351.0,1410.0,1571.0,1870.0,2658.0,3650.0,4048.0,3293.0,1895.0,1789.0,1735.0,2142.0,2668.0,2736.0,2785.0,2971.0,3543.0,4508.0,5213.0,6028.0,6609.0,6976.0,7328.0,7711.0,7247.0,6872.0,6281.0,4089.0,3622.0,4117.0,5221.0,5878.0,7010.0,9062.0,9415.0,11939.0,14167.0,15092.0,16881.0,16738.0,15574.0
210,Uzbekistan,,,,,,,,,,,,,,,,,,,,,719.0,723.0,643.0,630.0,599.0,594.0,604.0,661.0,629.0,706.0,561.0,376.0,394.0,401.0,472.0,555.0,662.0,841.0,1100.0,1238.0,1425.0,1639.0,1823.0,1969.0,2139.0,2308.0
211,Vanuatu,445.0,467.0,601.0,710.0,686.0,804.0,753.0,765.0,906.0,1159.0,1073.0,911.0,884.0,922.0,1097.0,1020.0,968.0,1005.0,1156.0,1106.0,1169.0,1355.0,1372.0,1372.0,1464.0,1621.0,1649.0,1630.0,1459.0,1461.0,1432.0,1347.0,1362.0,1580.0,1788.0,1886.0,2047.0,2393.0,2698.0,2643.0,2966.0,3275.0,3158.0,3167.0,3148.0,2783.0
212,Venezuela,1194.0,1272.0,1362.0,1577.0,2350.0,2404.0,2675.0,2998.0,3166.0,3784.0,4507.0,4922.0,4895.0,4755.0,3396.0,3425.0,3259.0,2521.0,3082.0,2137.0,2368.0,2544.0,2811.0,2732.0,2631.0,3375.0,3014.0,3715.0,3876.0,4078.0,4785.0,4928.0,3657.0,3230.0,4273.0,5436.0,6740.0,8325.0,11225.0,11535.0,13581.0,10755.0,12772.0,12265.0,11835.0,11069.0
213,Viet Nam,64.0,68.0,71.0,72.0,76.0,80.0,91.0,106.0,126.0,134.0,44.0,34.0,38.0,56.0,85.0,79.0,81.0,83.0,89.0,94.0,95.0,110.0,139.0,182.0,220.0,276.0,323.0,347.0,347.0,361.0,388.0,403.0,428.0,478.0,593.0,684.0,781.0,903.0,1145.0,1212.0,1312.0,1517.0,1725.0,1874.0,2015.0,2068.0
214,Yemen,,,,,,,,,,,,,,,,,,,,,337.0,333.0,339.0,343.0,341.0,389.0,460.0,477.0,431.0,502.0,611.0,614.0,650.0,700.0,784.0,929.0,1081.0,1181.0,1362.0,1240.0,1310.0,1282.0,1289.0,1360.0,1299.0,1106.0
215,Yugoslavia,721.0,776.0,803.0,1037.0,1422.0,1579.0,1768.0,2131.0,2513.0,3128.0,3181.0,3108.0,2810.0,2857.0,3059.0,3249.0,3518.0,3750.0,3891.0,4197.0,,,,,,,,,,,,,,,,,,,,,,,,,,
216,Zambia,369.0,363.0,413.0,506.0,602.0,533.0,545.0,518.0,560.0,668.0,728.0,654.0,673.0,608.0,470.0,395.0,291.0,282.0,451.0,499.0,466.0,404.0,386.0,372.0,405.0,411.0,379.0,441.0,353.0,330.0,340.0,377.0,376.0,429.0,531.0,692.0,1030.0,1103.0,1366.0,1135.0,1456.0,1636.0,1725.0,1840.0,1726.0,1311.0
217,Zanzibar,,,,,,,,,,,,,,,,,,,,,201.0,220.0,214.0,202.0,199.0,235.0,295.0,438.0,325.0,314.0,325.0,336.0,337.0,342.0,380.0,408.0,445.0,514.0,600.0,580.0,588.0,652.0,759.0,835.0,936.0,794.0
218,Zimbabwe,388.0,434.0,518.0,616.0,716.0,760.0,728.0,712.0,689.0,791.0,981.0,1136.0,1164.0,1017.0,799.0,852.0,905.0,946.0,1060.0,1086.0,1120.0,1018.0,820.0,779.0,804.0,820.0,981.0,994.0,687.0,645.0,604.0,595.0,560.0,525.0,499.0,479.0,465.0,453.0,407.0,594.0,674.0,769.0,851.0,905.0,931.0,890.0
